AIM/CGE 2.0,ADVANCE_2020_1.5C-2100,World,Emissions|CO2,Mt CO2/yr,,,,,,34018.8847,,,,,38148.9465,,,,,41270.1063,,,,,43907.5503,,,,,30788.2256,,,,,21076.1268,,,,,12666.2737,,,,,5447.7891,,,,,-543.6871,,,,,-413.2438,,,,,-3728.9053,,,,,-5258.9563,,,,,-6501.4728,,,,,-7657.0574,,,,,-8285.7706,,,,,-8418.9858,,,,,-9072.2251,,,,,-9964.3564,,,,,-8276.8093,,,,,-8611.3823
AIM/CGE 2.0,ADVANCE_2030_Price1.5C,World,Emissions|CO2,Mt CO2/yr,,,,,,34018.8847,,,,,38102.443,,,,,41724.8683,,,,,44557.478,,,,,44251.8973,,,,,41746.2485,,,,,16329.2816,,,,,8994.476,,,,,2853.294,,,,,87.1537,,,,,-3433.2104,,,,,-4686.0844,,,,,-4963.4266,,,,,-6589.1981,,,,,-5979.0873,,,,,-6495.7647,,,,,-6556.196,,,,,-7435.7386,,,,,-5373.7012,,,,,-5746.4393
AIM/CGE 2.0,SFCM_SSP2_Bio_1p5Degree,World,Emissions|CO2,Mt CO2/yr,,,,,,34690.406,,,,,38547.4385,,,,,38685.8927,,,,,39045.7254,,,,,29177.1512,,,,,19323.664,,,,,15726.3401,,,,,13389.3425,,,,,11518.5338,,,,,8512.1092,,,,,7551.6682,,,,,7066.8025,,,,,7169.7796,,,,,6452.1428,,,,,6902.4157,,,,,7402.8101,,,,,7711.6803,,,,,8013.6627,,,,,8500.7199,,,,,8987.1215
AIM/CGE 2.0,SFCM_SSP2_EEEI_1p5Degree,World,Emissions|CO2,Mt CO2/yr,,,,,,34690.406,,,,,37796.2642,,,,,37627.6094,,,,,37821.3648,,,,,28338.5643,,,,,18467.693,,,,,14454.0613,,,,,11297.6444,,,,,9115.9629,,,,,6443.8421,,,,,5152.0921,,,,,4294.3038,,,,,3928.1787,,,,,3015.5876,,,,,3135.9867,,,,,3291.339,,,,,3226.735,,,,,3203.0105,,,,,3381.4436,,,,,3530.774
AIM/CGE 2.0,SFCM_SSP2_LifeStyle_1p5Degree,World,Emissions|CO2,Mt CO2/yr,,,,,,34690.406,,,,,37767.7995,,,,,37775.5947,,,,,38104.4819,,,,,28576.2182,,,,,18704.0824,,,,,14781.0159,,,,,11839.3889,,,,,9764.4642,,,,,6943.3772,,,,,5805.5639,,,,,5131.0516,,,,,5020.5774,,,,,4329.7312,,,,,4693.2909,,,,,5088.2664,,,,,5268.3798,,,,,5446.2591,,,,,5808.0251,,,,,6167.4433
AIM/CGE 2.0,SFCM_SSP2_Ref_1p5Degree,World,Emissions|CO2,Mt CO2/yr,,,,,,34690.406,,,,,38558.7818,,,,,38693.7434,,,,,39050.7392,,,,,29159.3713,,,,,19148.7891,,,,,15254.1922,,,,,12326.2166,,,,,10257.6221,,,,,7444.7337,,,,,6340.9648,,,,,5668.5495,,,,,5569.5197,,,,,4868.6395,,,,,5264.4365,,,,,5664.477,,,,,5865.2026,,,,,6059.9335,,,,,6461.5227,,,,,6847.6618
AIM/CGE 2.0,SFCM_SSP2_ST_CCS_1p5Degree,World,Emissions|CO2,Mt CO2/yr,,,,,,34690.406,,,,,38558.7818,,,,,38693.7434,,,,,39050.7392,,,,,29157.5792,,,,,19166.7524,,,,,15396.5828,,,,,12667.5915,,,,,10748.7858,,,,,7839.784,,,,,7106.8976,,,,,6532.5434,,,,,6514.2533,,,,,5759.5482,,,,,6186.5811,,,,,6646.7176,,,,,6909.8227,,,,,7173.1705,,,,,7651.7288,,,,,8119.4802
AIM/CGE 2.0,SFCM_SSP2_ST_bio_1p5Degree,World,Emissions|CO2,Mt CO2/yr,,,,,,34690.406,,,,,38545.4284,,,,,38682.5147,,,,,39042.5533,,,,,29164.3893,,,,,19232.2104,,,,,15488.6097,,,,,12860.5064,,,,,10896.9189,,,,,7973.7155,,,,,6934.4912,,,,,6347.4049,,,,,6300.9232,,,,,5565.7567,,,,,6021.2074,,,,,6486.2975,,,,,6739.0534,,,,,6987.7156,,,,,7436.2336,,,,,7885.3002
AIM/CGE 2.0,SFCM_SSP2_ST_nuclear_1p5Degree,World,Emissions|CO2,Mt CO2/yr,,,,,,34690.406,,,,,38556.0385,,,,,38713.9265,,,,,39077.7224,,,,,29166.6958,,,,,19142.8399,,,,,15248.8152,,,,,12293.5282,,,,,10186.9495,,,,,7342.7858,,,,,6204.7826,,,,,5499.0947,,,,,5333.1693,,,,,4577.8858,,,,,4928.0431,,,,,5276.9732,,,,,5418.2837,,,,,5540.1917,,,,,5849.1563,,,,,6141.5102
AIM/CGE 2.0,SFCM_SSP2_ST_solar_1p5Degree,World,Emissions|CO2,Mt CO2/yr,,,,,,34690.406,,,,,38557.8766,,,,,38692.0635,,,,,39047.563,,,,,29149.9958,,,,,19103.6204,,,,,15147.6487,,,,,12112.2817,,,,,9970.0502,,,,,7144.2258,,,,,6023.4045,,,,,5316.6075,,,,,5156.2916,,,,,4366.4127,,,,,4712.3034,,,,,5090.5168,,,,,5270.7511,,,,,5461.337,,,,,5846.9128,,,,,6217.219
AIM/CGE 2.0,SFCM_SSP2_ST_wind_1p5Degree,World,Emissions|CO2,Mt CO2/yr,,,,,,34690.406,,,,,38555.5163,,,,,38688.1002,,,,,39041.0883,,,,,29136.0166,,,,,19055.7365,,,,,15037.9589,,,,,11984.565,,,,,9823.3959,,,,,7004.1768,,,,,5860.3569,,,,,5144.8141,,,,,4986.3026,,,,,4215.0125,,,,,4558.5666,,,,,4888.2681,,,,,5031.0237,,,,,5187.6325,,,,,5537.4066,,,,,5906.7502
AIM/CGE 2.0,SFCM_SSP2_SupTech_1p5Degree,World,Emissions|CO2,Mt CO2/yr,,,,,,34690.406,,,,,38538.4468,,,,,38695.3726,,,,,39056.6238,,,,,29137.4219,,,,,19104.6972,,,,,15336.5946,,,,,12677.0701,,,,,10666,,,,,7687.507,,,,,6876.1336,,,,,6219.7917,,,,,6132.5887,,,,,5364.7864,,,,,5728.156,,,,,6110.9648,,,,,6282.5965,,,,,6438.4523,,,,,6773.2051,,,,,7103.3749
AIM/CGE 2.0,SFCM_SSP2_combined_1p5Degree,World,Emissions|CO2,Mt CO2/yr,,,,,,34690.406,,,,,36982.1008,,,,,36691.9282,,,,,36801.8818,,,,,27706.2527,,,,,18081.6156,,,,,14301.0447,,,,,11632.7954,,,,,9590.7993,,,,,6623.8522,,,,,5447.5722,,,,,4677.0651,,,,,4388.7857,,,,,3511.9659,,,,,3594.3374,,,,,3677.195,,,,,3540.9926,,,,,3381.4684,,,,,3373.2433,,,,,3330.4104
AIM/CGE 2.0,SSP1-19,World,Emissions|CO2,Mt CO2/yr,,,,,,34373.9345,,,,,35782.6485,,,,,,,,,,37233.8898,,,,,,,,,,19057.4933,,,,,,,,,,8229.32,,,,,,,,,,1794.6177,,,,,,,,,,-2181.1692,,,,,,,,,,-3757.0794,,,,,,,,,,-4338.2188,,,,,,,,,,-4390.4928,,,,,,,,,,-4474.8741
AIM/CGE 2.0,SSP2-19,World,Emissions|CO2,Mt CO2/yr,,,,,,34373.9345,,,,,38205.4102,,,,,,,,,,43338.0757,,,,,,,,,,20138.5523,,,,,,,,,,8223.192,,,,,,,,,,399.2375,,,,,,,,,,-4896.1064,,,,,,,,,,-7038.6183,,,,,,,,,,-7989.1827,,,,,,,,,,-8407.2675,,,,,,,,,,-8986.8596
AIM/CGE 2.1,CD-LINKS_NPi2020_400,World,Emissions|CO2,Mt CO2/yr,,,,,,32974.8985,,,,,33910.33,,,,,36077.2607,,,,,38682.7636,,,,,29352.4509,,,,,21604.8704,,,,,13371.3932,,,,,6795.0827,,,,,-279.4315,,,,,-4957.6403,,,,,-6502.5316,,,,,-7023.2802,,,,,-7010.6706,,,,,-7004.2178,,,,,-6977.658,,,,,-6913.2913,,,,,-6879.239,,,,,-6773.2306,,,,,-6846.3809,,,,,-6818.7646
AIM/CGE 2.1,TERL_15D_LowCarbonTransportPolicy,World,Emissions|CO2,Mt CO2/yr,,,,,,32974.8985,,,,,33899.2827,,,,,36228.6641,,,,,38995.4282,,,,,30261.0102,,,,,19725.4363,,,,,8663.6334,,,,,6200.6457,,,,,3907.3671,,,,,1749.3975,,,,,-916.7166,,,,,-2602.216,,,,,-3774.3033,,,,,-4687.898,,,,,-5346.2951,,,,,-6078.7119,,,,,-6939.1161,,,,,-7828.8792,,,,,-8814.3516,,,,,-9040.7774
AIM/CGE 2.1,TERL_15D_NoTransportPolicy,World,Emissions|CO2,Mt CO2/yr,,,,,,32974.8985,,,,,34477.4844,,,,,37205.9956,,,,,40326.8225,,,,,31407.6251,,,,,20727.2468,,,,,9349.7229,,,,,6751.9642,,,,,4416.3612,,,,,2357.0416,,,,,-11.2104,,,,,-1600.5369,,,,,-2707.7592,,,,,-3528.267,,,,,-4290.794,,,,,-5058.9595,,,,,-5987.2329,,,,,-6944.3885,,,,,-7971.3917,,,,,-8122.0548
C-ROADS-5.005,Ratchet-1.5-allCDR,World,Emissions|CO2,Mt CO2/yr,,,,,,33397.2,,,,,36978.6,,,,,39863.9,,,,,39376.5,,,,,37004.8,,,,,33233.9,,,,,24219.2,,,,,16601.2,,,,,9874.71,,,,,4072.32,,,,,-1068,,,,,-5159.11,,,,,-8251.76,,,,,-10391.7,,,,,-11807,,,,,-12730.6,,,,,-13426.5,,,,,-13834.8,,,,,-13939.1,,,,,-13854.9
C-ROADS-5.005,Ratchet-1.5-limCDR,World,Emissions|CO2,Mt CO2/yr,,,,,,33397.2,,,,,36978.6,,,,,39863.9,,,,,39176,,,,,38289.5,,,,,28288,,,,,19578,,,,,12163,,,,,5941.27,,,,,930.131,,,,,-2905.83,,,,,-5430.25,,,,,-7004.67,,,,,-7874.18,,,,,-8091.69,,,,,-7885.6,,,,,-7451.89,,,,,-6857.95,,,,,-6123.82,,,,,-5263.53
C-ROADS-5.005,Ratchet-1.5-limCDR-noOS,World,Emissions|CO2,Mt CO2/yr,,,,,,33397.2,,,,,36978.6,,,,,39863.9,,,,,39059,,,,,30369.4,,,,,13439,,,,,1990.06,,,,,-4832.83,,,,,-8666.59,,,,,-10558.9,,,,,-10925.6,,,,,-10555.5,,,,,-9927.43,,,,,-9135.24,,,,,-8237.1,,,,,-7287.48,,,,,-6324.64,,,,,-5377.61,,,,,-4468.19,,,,,-3612.11
C-ROADS-5.005,Ratchet-1.5-noCDR,World,Emissions|CO2,Mt CO2/yr,,,,,,33397.2,,,,,36978.6,,,,,39863.9,,,,,39194.8,,,,,38613.2,,,,,22216.6,,,,,10364.5,,,,,3219.1,,,,,-828.781,,,,,-3010.2,,,,,-3936.59,,,,,-3960.21,,,,,-3839.24,,,,,-3683.52,,,,,-3509.14,,,,,-3328.08,,,,,-3147.93,,,,,-2971.81,,,,,-2801.65,,,,,-2638.63
C-ROADS-5.005,Ratchet-1.5-noCDR-noOS,World,Emissions|CO2,Mt CO2/yr,,,,,,33397.2,,,,,36978.6,,,,,39863.9,,,,,39144.6,,,,,29339.5,,,,,11412.3,,,,,1876.43,,,,,-2552.43,,,,,-4249.15,,,,,-4328.97,,,,,-4242.53,,,,,-4092.55,,,,,-3913.43,,,,,-3723.95,,,,,-3531.87,,,,,-3341.67,,,,,-3156.03,,,,,-2976.62,,,,,-2804.5,,,,,-2640.32
GCAM 4.2,SSP1-19,World,Emissions|CO2,Mt CO2/yr,,,,,,31887.31467,,,,,35775.48811,,,,,,,,,,37684.32868,,,,,,,,,,19308.12351,,,,,,,,,,10579.882,,,,,,,,,,3262.708705,,,,,,,,,,-633.5988323,,,,,,,,,,-4335.446843,,,,,,,,,,-8420.989592,,,,,,,,,,-12963.82416,,,,,,,,,,-17674.16662
GCAM 4.2,SSP2-19,World,Emissions|CO2,Mt CO2/yr,,,,,,31887.31386,,,,,35775.47108,,,,,,,,,,41337.61975,,,,,,,,,,36001.98326,,,,,,,,,,9535.763441,,,,,,,,,,-7452.18824,,,,,,,,,,-13187.10828,,,,,,,,,,-14127.61544,,,,,,,,,,-18177.96885,,,,,,,,,,-23522.44607,,,,,,,,,,-31683.69888
GCAM 4.2,SSP5-19,World,Emissions|CO2,Mt CO2/yr,,,,,,31887.31537,,,,,35775.47632,,,,,,,,,,41975.99079,,,,,,,,,,35675.42736,,,,,,,,,,4907.91856,,,,,,,,,,-8996.20726,,,,,,,,,,-9657.794614,,,,,,,,,,-9489.150381,,,,,,,,,,-12164.53507,,,,,,,,,,-18180.57947,,,,,,,,,,-26395.10735
IEA Energy Technology Perspective Model 2017,B2DS,World,Emissions|CO2,Mt CO2/yr,,,,,,,,,,,,,,,,,,,,,32302.87567,,,,,27139.99125,,,,,22078.24826,,,,,17095.04339,,,,,12283.97499,,,,,8062.323508,,,,,4742.240315,,,,,1809.066212,,,,,-22.33037369,,,,,,,,,,,,,,,,,,,,,,,,,,,,,,,,,,,,,,,,
IEA World Energy Model 2017,Faster Transition Scenario,World,Emissions|CO2,Mt CO2/yr,,,,,,31825.5906,,,,,35536.99072,,,,,37268.21279,,,,,35128.48356,,,,,30441.07454,,,,,24744.58534,,,,,19161.3184,,,,,14722.31611,,,,,11923.50867,,,,,9765.37226,,,,,,,,,,4866.286311,,,,,,,,,,49.70536706,,,,,,,,,,-1097.44362,,,,,,,,,,-1278.226615,,,,,,,,,,-1386.937734
IMAGE 3.0.1,ADVANCE_2020_1.5C-2100,World,Emissions|CO2,Mt CO2/yr,,,,,,33169.33269,,,,,35549.21062,,,,,37203.76172,,,,,38439.82943,,,,,29916.30111,,,,,25273.2985,,,,,17271.98014,,,,,8110.941488,,,,,2016.724182,,,,,-1286.622009,,,,,-5092.321452,,,,,-7549.40975,,,,,-9484.049968,,,,,-10157.14738,,,,,-10105.09522,,,,,-10019.79777,,,,,-9758.422446,,,,,-9734.669679,,,,,-9410.804363,,,,,-9816.3667
IMAGE 3.0.1,CD-LINKS_NPi2020_400,World,Emissions|CO2,Mt CO2/yr,,,,,,33098.41276,,,,,35234.37142,,,,,37630.74219,,,,,38346.40463,,,,,28930.28646,,,,,24564.95866,,,,,17328.52702,,,,,7860.049643,,,,,2355.052287,,,,,127.7481359,,,,,,,,,,-6989.884115,,,,,,,,,,-9254.937908,,,,,,,,,,-10007.7522,,,,,,,,,,-9765.250001,,,,,,,,,,-10419.6766
IMAGE 3.0.1,IMA15-AGInt,World,Emissions|CO2,Mt CO2/yr,,,,,,33224.43653,,,,,35767.09082,,,,,38443.64291,,,,,35626.50424,,,,,28449.28174,,,,,22603.42627,,,,,15003.20418,,,,,10047.28613,,,,,4009.91805,,,,,-1112.730611,,,,,,,,,,-5275.622111,,,,,,,,,,-9482.836101,,,,,,,,,,-9359.558757,,,,,,,,,,-7605.077556,,,,,,,,,,-9759.541423
IMAGE 3.0.1,IMA15-Def,World,Emissions|CO2,Mt CO2/yr,,,,,,33242.7627,,,,,35766.0739,,,,,38465.42448,,,,,35469.18848,,,,,29815.39079,,,,,22059.96468,,,,,10742.66642,,,,,4571.05009,,,,,2832.620178,,,,,-1988.105876,,,,,,,,,,-8144.671062,,,,,,,,,,-10885.68075,,,,,,,,,,-10413.71468,,,,,,,,,,-10129.36808,,,,,,,,,,-11206.8077
IMAGE 3.0.1,IMA15-Eff,World,Emissions|CO2,Mt CO2/yr,,,,,,33243.81185,,,,,35766.7041,,,,,38049.18262,,,,,34553.03028,,,,,28810.5612,,,,,21505.51742,,,,,10886.70752,,,,,3618.111308,,,,,2697.442058,,,,,-719.071457,,,,,,,,,,-7530.446208,,,,,,,,,,-10274.07699,,,,,,,,,,-9494.506593,,,,,,,,,,-9411.787273,,,,,,,,,,-10601.71908
IMAGE 3.0.1,IMA15-LiStCh,World,Emissions|CO2,Mt CO2/yr,,,,,,33257.85905,,,,,35810.0918,,,,,38342.77377,,,,,34110.36621,,,,,28112.42464,,,,,20992.19841,,,,,12744.01294,,,,,7809.321453,,,,,3439.319682,,,,,-1278.558991,,,,,,,,,,-5434.157553,,,,,,,,,,-8083.635743,,,,,,,,,,-8088.175212,,,,,,,,,,-7243.811524,,,,,,,,,,-7426.928671
IMAGE 3.0.1,IMA15-LoNCO2,World,Emissions|CO2,Mt CO2/yr,,,,,,33238.6377,,,,,35771.83529,,,,,38459.96029,,,,,35428.47559,,,,,29872.43897,,,,,24017.9432,,,,,16906.89079,,,,,12479.48926,,,,,6413.286011,,,,,902.6211447,,,,,,,,,,-3055.757569,,,,,,,,,,-5130.399821,,,,,,,,,,-5869.401897,,,,,,,,,,-5740.742269,,,,,,,,,,-4812.899699
IMAGE 3.0.1,IMA15-Pop,World,Emissions|CO2,Mt CO2/yr,,,,,,33238.6377,,,,,35771.83529,,,,,38431.54362,,,,,35234.79395,,,,,29446.73145,,,,,23523.95117,,,,,16265.32617,,,,,9384.921062,,,,,3117.145589,,,,,-519.2066244,,,,,,,,,,-6350.728882,,,,,,,,,,-10491.86231,,,,,,,,,,-10640.48674,,,,,,,,,,-10149.86149,,,,,,,,,,-13027.96745
IMAGE 3.0.1,IMA15-RenElec,World,Emissions|CO2,Mt CO2/yr,,,,,,33238.38347,,,,,35797.50554,,,,,38167.32162,,,,,34632.69434,,,,,28435.02507,,,,,21517.5612,,,,,14625.44979,,,,,6774.723918,,,,,1398.425242,,,,,-464.8742905,,,,,,,,,,-6518.17452,,,,,,,,,,-10582.12443,,,,,,,,,,-11074.79248,,,,,,,,,,-11314.39429,,,,,,,,,,-12033.88631
IMAGE 3.0.1,IMA15-TOT,World,Emissions|CO2,Mt CO2/yr,,,,,,33242.43327,,,,,35828.36426,,,,,37644.38477,,,,,34189.11361,,,,,26701.22347,,,,,18303.79769,,,,,10051.01904,,,,,4910.11023,,,,,670.9622346,,,,,-2269.945069,,,,,,,,,,-3294.236369,,,,,,,,,,-3634.123434,,,,,,,,,,-2094.041301,,,,,,,,,,-157.8552424,,,,,,,,,,1516.974121
IMAGE 3.0.1,SSP1-19,World,Emissions|CO2,Mt CO2/yr,,,,,,33166.07422,,,,,35488.82878,,,,,,,,,,33208.79948,,,,,,,,,,17967.96826,,,,,,,,,,6413.946208,,,,,,,,,,968.036255,,,,,,,,,,-1649.998545,,,,,,,,,,-4136.923829,,,,,,,,,,-7370.205445,,,,,,,,,,-10567.70752,,,,,,,,,,-14340.42464
MERGE-ETL 6.0,DAC15_50,World,Emissions|CO2,Mt CO2/yr,38587,,,,,40695.8,,,,,41734.3,,,,,,,,,,39452,,,,,,,,,,27099,,,,,,,,,,18909.7,,,,,,,,,,8268,,,,,,,,,,872.5,,,,,,,,,,-6253.1,,,,,,,,,,-14632.2,,,,,,,,,,-27047,,,,,,,,,,-42663.8
MESSAGE V.3,GEA_Eff_1p5C,World,Emissions|CO2,Mt CO2/yr,,,,,,34590.578,,,,,36307.24167,,,,,,,,,,26883.813,,,,,,,,,,16972.44267,,,,,,,,,,9333.837333,,,,,,,,,,3273.669667,,,,,,,,,,-1095.636667,,,,,,,,,,-5244.088667,,,,,,,,,,-9233.627333,,,,,,,,,,-13056.11267,,,,,,,,,,-16416.01867
MESSAGE V.3,GEA_Eff_1p5C_Delay2020,World,Emissions|CO2,Mt CO2/yr,,,,,,34447.94467,,,,,36354.66267,,,,,,,,,,38766.91867,,,,,,,,,,24312.585,,,,,,,,,,12695.73433,,,,,,,,,,265.4446667,,,,,,,,,,-6083.568333,,,,,,,,,,-10114.92533,,,,,,,,,,-12983.44667,,,,,,,,,,-14777.708,,,,,,,,,,-16355.68
MESSAGE V.3,GEA_Eff_AdvNCO2_1p5C,World,Emissions|CO2,Mt CO2/yr,,,,,,34591.57533,,,,,36307.74033,,,,,,,,,,30884.32233,,,,,,,,,,22786.10033,,,,,,,,,,13944.96033,,,,,,,,,,6068.839333,,,,,,,,,,-174.0126667,,,,,,,,,,-4965.623667,,,,,,,,,,-9347.143667,,,,,,,,,,-13922.502,,,,,,,,,,-17869.335
MESSAGE V.3,GEA_Mix_1p5C_AdvNCO2_PartialDelay2020,World,Emissions|CO2,Mt CO2/yr,,,,,,33904.50433,,,,,35794.11733,,,,,,,,,,34425.798,,,,,,,,,,24236.76933,,,,,,,,,,12282.20033,,,,,,,,,,692.021,,,,,,,,,,-5371.303667,,,,,,,,,,-8091.266333,,,,,,,,,,-9787.327,,,,,,,,,,-10793.24033,,,,,,,,,,-12018.61467
MESSAGE V.3,GEA_Mix_1p5C_AdvTrans_PartialDelay2020,World,Emissions|CO2,Mt CO2/yr,,,,,,34470.99333,,,,,36420.72133,,,,,,,,,,35152.69267,,,,,,,,,,25258.78667,,,,,,,,,,13711.41933,,,,,,,,,,1436.464333,,,,,,,,,,-6053.388,,,,,,,,,,-10186.73333,,,,,,,,,,-12979.12,,,,,,,,,,-14990.349,,,,,,,,,,-16691.67133
MESSAGE-GLOBIOM 1.0,ADVANCE_2020_1.5C-2100,World,Emissions|CO2,Mt CO2/yr,,,,,,37633.64162,,,,,40078.43138,,,,,,,,,,40495.54723,,,,,,,,,,18563.80548,,,,,,,,,,9448.461656,,,,,,,,,,2763.305161,,,,,,,,,,-2429.06989,,,,,,,,,,-7626.793102,,,,,,,,,,-12539.72388,,,,,,,,,,-13806.45305,,,,,,,,,,-14262.34288
MESSAGE-GLOBIOM 1.0,ADVANCE_2030_Price1.5C,World,Emissions|CO2,Mt CO2/yr,,,,,,37640.22657,,,,,40079.04787,,,,,,,,,,40499.3358,,,,,,,,,,40989.17252,,,,,,,,,,16534.06534,,,,,,,,,,6342.270453,,,,,,,,,,-212.1156623,,,,,,,,,,-4340.94058,,,,,,,,,,-8784.050276,,,,,,,,,,-13196.09275,,,,,,,,,,-13893.52579
MESSAGE-GLOBIOM 1.0,EMF33_1.5C_cost100,World,Emissions|CO2,Mt CO2/yr,33061.58661,,,,,37547.0345,,,,,40094.78829,,,,,,,,,,41037.40834,,,,,,,,,,15744.37946,,,,,,,,,,6340.09325,,,,,,,,,,-523.1359454,,,,,,,,,,-8790.322801,,,,,,,,,,-10828.02957,,,,,,,,,,-12677.77643,,,,,,,,,,-13738.5994,,,,,,,,,,-14214.54114
MESSAGE-GLOBIOM 1.0,EMF33_1.5C_full,World,Emissions|CO2,Mt CO2/yr,33061.58661,,,,,37547.0345,,,,,40094.78829,,,,,,,,,,41037.40834,,,,,,,,,,15792.07037,,,,,,,,,,6383.051697,,,,,,,,,,-491.8238606,,,,,,,,,,-8908.771074,,,,,,,,,,-10883.61454,,,,,,,,,,-12709.87916,,,,,,,,,,-13755.88954,,,,,,,,,,-14191.80204
MESSAGE-GLOBIOM 1.0,SSP1-19,World,Emissions|CO2,Mt CO2/yr,,,,,,37720.75119,,,,,40265.62802,,,,,,,,,,38093.86268,,,,,,,,,,23404.16216,,,,,,,,,,14933.85584,,,,,,,,,,3629.964971,,,,,,,,,,-4029.742853,,,,,,,,,,-8118.545609,,,,,,,,,,-11932.14884,,,,,,,,,,-14315.90065,,,,,,,,,,-15487.08144
MESSAGE-GLOBIOM 1.0,SSP2-19,World,Emissions|CO2,Mt CO2/yr,,,,,,37767.24183,,,,,40313.50203,,,,,,,,,,40931.32174,,,,,,,,,,23633.12853,,,,,,,,,,11524.1294,,,,,,,,,,3778.922018,,,,,,,,,,-1510.684608,,,,,,,,,,-6540.368386,,,,,,,,,,-10608.86418,,,,,,,,,,-12410.88058,,,,,,,,,,-13048.88988
MESSAGEix-GLOBIOM 1.0,CD-LINKS_NPi2020_400,World,Emissions|CO2,Mt CO2/yr,31667.90819,,,,,35933.0697,,,,,38542.01816,,,,,,,,,,39615.22255,,,,,,,,,,23824.22308,,,,,,,,,,12039.05505,,,,,,,,,,2737.839477,,,,,,,,,,-7103.209038,,,,,,,,,,-11119.14575,,,,,,,,,,-14120.38951,,,,,,,,,,-16521.49954,,,,,,,,,,-17726.89656
POLES ADVANCE,ADVANCE_2020_1.5C-2100,World,Emissions|CO2,Mt CO2/yr,,,,,,31803.05425,,,,,34853.41138,,,,,37830.04713,,,,,41831.62088,,,,,35792.79413,,,,,24388.624,,,,,14716.66613,,,,,8563.68675,,,,,3560.850625,,,,,-283.0733125,,,,,-3155.471563,,,,,-5721.433188,,,,,-7925.230125,,,,,-9214.802125,,,,,-10806.90338,,,,,-12170.50994,,,,,-14642.43475,,,,,-15359.83981,,,,,-15618.55219,,,,,-15996.91888
POLES ADVANCE,ADVANCE_2030_1.5C-2100,World,Emissions|CO2,Mt CO2/yr,,,,,,31803.05425,,,,,34853.41138,,,,,37830.03113,,,,,41831.40438,,,,,42768.79575,,,,,39624.2535,,,,,18414.51913,,,,,6947.415438,,,,,2286.43375,,,,,-2187.464125,,,,,-5143.257313,,,,,-8152.294156,,,,,-9710.603813,,,,,-10935.69747,,,,,-12733.01484,,,,,-14431.39188,,,,,-15850.14066,,,,,-17930.80941,,,,,-18401.48863,,,,,-18303.07831
POLES ADVANCE,ADVANCE_2030_Price1.5C,World,Emissions|CO2,Mt CO2/yr,,,,,,31803.05425,,,,,34853.41138,,,,,37830.03113,,,,,41831.40438,,,,,42762.76825,,,,,39602.0545,,,,,19191.708,,,,,8971.583625,,,,,4706.699063,,,,,245.8409375,,,,,-3138.115875,,,,,-6020.66975,,,,,-8204.76,,,,,-9507.45875,,,,,-10977.40163,,,,,-12600.79244,,,,,-13935.70269,,,,,-15553.08838,,,,,-16272.35063,,,,,-15569.17669
POLES CD-LINKS,CD-LINKS_NPi2020_400,World,Emissions|CO2,Mt CO2/yr,,,,,,30273.93359,,,,,33410.28906,,,,,35824.42578,,,,,38551.99609,,,,,34809.875,,,,,24099.94531,,,,,17098.60547,,,,,12185.68457,,,,,7387.311035,,,,,3858.141357,,,,,,,,,,-3048.635986,,,,,,,,,,-9210.530273,,,,,,,,,,-12924.87793,,,,,,,,,,-18214.25781,,,,,,,,,,-21672.30273
POLES EMF33,EMF33_1.5C_cost100,World,Emissions|CO2,Mt CO2/yr,26158.98438,,,,,30911.81445,,,,,34045.15625,,,,,,,,,,38511.03125,,,,,,,,,,10375.25977,,,,,,,,,,5185.838379,,,,,,,,,,513.4423828,,,,,,,,,,-4844.283203,,,,,,,,,,-8202.635742,,,,,,,,,,-9723.092773,,,,,,,,,,-11018.39746,,,,,,,,,,-12265.1748
POLES EMF33,EMF33_1.5C_full,World,Emissions|CO2,Mt CO2/yr,26158.98438,,,,,30911.81445,,,,,34045.15625,,,,,,,,,,38513.40625,,,,,,,,,,11543.35449,,,,,,,,,,6396.980957,,,,,,,,,,1362.534546,,,,,,,,,,-4798.294922,,,,,,,,,,-8768.27832,,,,,,,,,,-10602.64258,,,,,,,,,,-11758.00781,,,,,,,,,,-12834.88867
POLES EMF33,EMF33_1.5C_limbio,World,Emissions|CO2,Mt CO2/yr,26158.98438,,,,,30911.81445,,,,,34045.15234,,,,,,,,,,38434.63281,,,,,,,,,,4556.441406,,,,,,,,,,3647.508545,,,,,,,,,,1047.617065,,,,,,,,,,-3053.488037,,,,,,,,,,-6075.98877,,,,,,,,,,-5165.467773,,,,,,,,,,-4898.122559,,,,,,,,,,-10157.67871
POLES EMF33,EMF33_1.5C_nofuel,World,Emissions|CO2,Mt CO2/yr,26158.98438,,,,,30911.81445,,,,,34045.15625,,,,,,,,,,38497.25781,,,,,,,,,,8969.625,,,,,,,,,,3999.553711,,,,,,,,,,-111.4850388,,,,,,,,,,-4924.354004,,,,,,,,,,-7656.234863,,,,,,,,,,-9236.978516,,,,,,,,,,-9981.12793,,,,,,,,,,-11397.67285
REMIND 1.7,ADVANCE_2020_1.5C-2100,World,Emissions|CO2,Mt CO2/yr,,,,,,36193.6379,,,,,38842.928,,,,,42927.3712,,,,,45171.8828,,,,,36199.1,,,,,25056.33,,,,,15186.2,,,,,8161.717,,,,,2464.797,,,,,-1894.876,,,,,-5689.117,,,,,-8680.534,,,,,,,,,,-12133.05,,,,,,,,,,-12884.94,,,,,,,,,,-12748.99,,,,,,,,,,-13373.91
REMIND 1.7,ADVANCE_2030_1.5C-2100,World,Emissions|CO2,Mt CO2/yr,,,,,,36193.6379,,,,,38842.928,,,,,42927.3712,,,,,45171.8828,,,,,43281.0669,,,,,40939.5626,,,,,27962.1167,,,,,13482.7302,,,,,1595.2072,,,,,-5801.7884,,,,,-10185.7893,,,,,-13345.3676,,,,,,,,,,-16616.0559,,,,,,,,,,-16585.2807,,,,,,,,,,-15703.4896,,,,,,,,,,-15504.3336
REMIND 1.7,ADVANCE_2030_Price1.5C,World,Emissions|CO2,Mt CO2/yr,,,,,,36193.6379,,,,,38842.928,,,,,42927.3712,,,,,45171.8828,,,,,43281.07,,,,,40939.56,,,,,29423.21,,,,,17683.65,,,,,7573.052,,,,,741.2209,,,,,-4048.961,,,,,-7811.121,,,,,,,,,,-11916.31,,,,,,,,,,-12946.82,,,,,,,,,,-12845.55,,,,,,,,,,-13411.42
REMIND 1.7,CEMICS-1.5-CDR12,World,Emissions|CO2,Mt CO2/yr,,,,,,36193.6379,,,,,40127.0952,,,,,45416.1794,,,,,45912.1453,,,,,34806.82,,,,,21833.63,,,,,9872.668,,,,,2026.83,,,,,-2386.042,,,,,-4138.433,,,,,-5355.946,,,,,-6649.137,,,,,,,,,,-9079.037,,,,,,,,,,-10585.01,,,,,,,,,,-11120.81,,,,,,,,,,-11338.93
REMIND 1.7,CEMICS-1.5-CDR20,World,Emissions|CO2,Mt CO2/yr,,,,,,36193.6379,,,,,40127.0952,,,,,45416.1794,,,,,45912.1453,,,,,37382.51,,,,,26709.88,,,,,18082.96,,,,,11858.97,,,,,6267.964,,,,,1169.867,,,,,-3775.278,,,,,-7935.232,,,,,,,,,,-13286.6,,,,,,,,,,-15240,,,,,,,,,,-17402.06,,,,,,,,,,-18831.12
REMIND 1.7,CEMICS-1.5-CDR8,World,Emissions|CO2,Mt CO2/yr,,,,,,36193.6379,,,,,40127.0952,,,,,45416.1794,,,,,45912.1453,,,,,31680.37,,,,,16490.85,,,,,2461.416,,,,,-2537.753,,,,,-4129.65,,,,,-5162.446,,,,,-5929.964,,,,,-6392.187,,,,,,,,,,-6837.227,,,,,,,,,,-7085.294,,,,,,,,,,-7258.337,,,,,,,,,,-7458.134
REMIND-MAgPIE 1.5,SSP1-19,World,Emissions|CO2,Mt CO2/yr,,,,,,35250,,,,,36250,,,,,,,,,,35200,,,,,,,,,,26310,,,,,,,,,,16410,,,,,,,,,,3761,,,,,,,,,,-6315,,,,,,,,,,-9558,,,,,,,,,,-11390,,,,,,,,,,-12770,,,,,,,,,,-13370
REMIND-MAgPIE 1.5,SSP2-19,World,Emissions|CO2,Mt CO2/yr,,,,,,35090,,,,,37010,,,,,,,,,,42310,,,,,,,,,,31110,,,,,,,,,,8623,,,,,,,,,,-7250,,,,,,,,,,-10480,,,,,,,,,,-12620,,,,,,,,,,-13640,,,,,,,,,,-13240,,,,,,,,,,-14180
REMIND-MAgPIE 1.5,SSP5-19,World,Emissions|CO2,Mt CO2/yr,,,,,,35280,,,,,36370,,,,,,,,,,39700,,,,,,,,,,37770,,,,,,,,,,22140,,,,,,,,,,1254,,,,,,,,,,-12840,,,,,,,,,,-16250,,,,,,,,,,-17930,,,,,,,,,,-19550,,,,,,,,,,-21310
REMIND-MAgPIE 1.7-3.0,CD-LINKS_NPi2020_400,World,Emissions|CO2,Mt CO2/yr,,,,,,33799.5813,,,,,36445.8913,,,,,40425.1103,,,,,41856.0778,,,,,33555.1703,,,,,24570.5493,,,,,16512.5609,,,,,10060.4881,,,,,4619.2232,,,,,94.5885,,,,,-4090.2976,,,,,-7360.4691,,,,,,,,,,-11298.7437,,,,,,,,,,-13138.914,,,,,,,,,,-14203.1937,,,,,,,,,,-15378.92
REMIND-MAgPIE 1.7-3.0,PEP_1p5C_full_NDC,World,Emissions|CO2,Mt CO2/yr,,,,,,33796.6401,,,,,37410.5079,,,,,42089.3323,,,,,44855.7889,,,,,44494.3323,,,,,42923.0542,,,,,32440.474,,,,,18809.5941,,,,,5661.2003,,,,,-4040.1044,,,,,-10787.6364,,,,,-14933.5797,,,,,,,,,,-18340.6009,,,,,,,,,,-18851.7539,,,,,,,,,,-18527.6003,,,,,,,,,,-18642.7363
REMIND-MAgPIE 1.7-3.0,PEP_1p5C_full_eff,World,Emissions|CO2,Mt CO2/yr,,,,,,33796.6401,,,,,37217.68,,,,,41664.2625,,,,,42685.568,,,,,34758.2135,,,,,26082.211,,,,,17525.4721,,,,,10660.0372,,,,,4455.4471,,,,,-541.2075,,,,,-4780.5668,,,,,-7910.738,,,,,,,,,,-11969.9749,,,,,,,,,,-13816.0279,,,,,,,,,,-14655.5736,,,,,,,,,,-15694.3266
REMIND-MAgPIE 1.7-3.0,PEP_1p5C_full_goodpractice,World,Emissions|CO2,Mt CO2/yr,,,,,,33794.2839,,,,,37077.8112,,,,,41165.644,,,,,43038.6211,,,,,41044.8024,,,,,37495.8715,,,,,28195.7179,,,,,17159.2106,,,,,6134.6305,,,,,-2431.2328,,,,,-8580.7993,,,,,-12756.5576,,,,,,,,,,-16611.9001,,,,,,,,,,-17438.7965,,,,,,,,,,-17617.0417,,,,,,,,,,-17905.074
REMIND-MAgPIE 1.7-3.0,PEP_1p5C_full_netzero,World,Emissions|CO2,Mt CO2/yr,,,,,,33794.2839,,,,,37077.8112,,,,,41171.3034,,,,,42766.3727,,,,,39203.9115,,,,,33937.3128,,,,,25061.4548,,,,,15837.9671,,,,,6883.6637,,,,,-1126.3657,,,,,-7069.9505,,,,,-11225.2887,,,,,,,,,,-15487.4406,,,,,,,,,,-16904.2555,,,,,,,,,,-17290.8254,,,,,,,,,,-17476.3453
REMIND-MAgPIE 1.7-3.0,PEP_1p5C_red_eff,World,Emissions|CO2,Mt CO2/yr,,,,,,33800.938,,,,,37396.0454,,,,,42149.9955,,,,,42692.5806,,,,,29516.213,,,,,15307.7392,,,,,4242.9968,,,,,-2179.6915,,,,,-4988.1631,,,,,-5753.3094,,,,,-6022.0726,,,,,-6307.8341,,,,,,,,,,-6465.7913,,,,,,,,,,-5959.3234,,,,,,,,,,-6136.9494,,,,,,,,,,-5770.2467
REMIND-MAgPIE 1.7-3.0,SMP_1p5C_Def,World,Emissions|CO2,Mt CO2/yr,,,,,,33780.2776,,,,,38691.4368,,,,,43274.7346,,,,,36816.1206,,,,,28357.1702,,,,,21518.3291,,,,,15884.478,,,,,10634.9342,,,,,5632.9958,,,,,1458.0328,,,,,-2763.7445,,,,,-6368.1331,,,,,,,,,,-10909.2946,,,,,,,,,,-12903.6344,,,,,,,,,,-13637.3576,,,,,,,,,,-14365.1705
REMIND-MAgPIE 1.7-3.0,SMP_1p5C_Sust,World,Emissions|CO2,Mt CO2/yr,,,,,,33780.2776,,,,,38520.6718,,,,,43700.6484,,,,,32819.6706,,,,,20837.9879,,,,,14126.8732,,,,,8156.2287,,,,,2513.917,,,,,-1123.5862,,,,,-3016.3636,,,,,-3899.0646,,,,,-4284.6019,,,,,,,,,,-5464.8372,,,,,,,,,,-6027.4074,,,,,,,,,,-7233.1701,,,,,,,,,,-8013.415
REMIND-MAgPIE 1.7-3.0,SMP_1p5C_early,World,Emissions|CO2,Mt CO2/yr,,,,,,33780.2776,,,,,38676.3616,,,,,43311.7488,,,,,31112.0643,,,,,18993.2566,,,,,13209.6671,,,,,8738.7196,,,,,5364.0426,,,,,2383.4393,,,,,-264.4655,,,,,-2555.4495,,,,,-4330.6057,,,,,,,,,,-6389.5789,,,,,,,,,,-6992.9443,,,,,,,,,,-7914.2713,,,,,,,,,,-9154.5148
REMIND-MAgPIE 1.7-3.0,SMP_1p5C_lifesty,World,Emissions|CO2,Mt CO2/yr,,,,,,33780.2776,,,,,38662.13,,,,,43140.9858,,,,,37154.6856,,,,,28740.2834,,,,,21698.6393,,,,,15551.9364,,,,,9664.8192,,,,,4445.5042,,,,,470.9627,,,,,-3095.1328,,,,,-6265.1765,,,,,,,,,,-10480.9302,,,,,,,,,,-12127.3258,,,,,,,,,,-13363.9119,,,,,,,,,,-14109.9206
REMIND-MAgPIE 1.7-3.0,SMP_1p5C_regul,World,Emissions|CO2,Mt CO2/yr,,,,,,33780.2776,,,,,38696.4249,,,,,44118.2749,,,,,37159.2558,,,,,26273.7846,,,,,17448.5391,,,,,11370.899,,,,,6336.954,,,,,2075.5504,,,,,-1449.9454,,,,,-4774.8124,,,,,-7217.4837,,,,,,,,,,-9429.3594,,,,,,,,,,-9450.4976,,,,,,,,,,-9222.0958,,,,,,,,,,-8861.1408
WITCH-GLOBIOM 3.1,SSP1-19,World,Emissions|CO2,Mt CO2/yr,,,,,,31922.04435,,,,,35303.38776,,,,,,,,,,37312.30711,,,,,,,,,,10560.00846,,,,,,,,,,7435.934987,,,,,,,,,,3099.936979,,,,,,,,,,-695.7446287,,,,,,,,,,-3765.20728,,,,,,,,,,-7221.593977,,,,,,,,,,-9246.603193,,,,,,,,,,-9648.343442
WITCH-GLOBIOM 3.1,SSP4-19,World,Emissions|CO2,Mt CO2/yr,,,,,,31922.04435,,,,,35303.38776,,,,,,,,,,39253.00149,,,,,,,,,,12740.21195,,,,,,,,,,9285.984188,,,,,,,,,,4192.561932,,,,,,,,,,-184.167914,,,,,,,,,,-3538.629547,,,,,,,,,,-7245.666475,,,,,,,,,,-9358.983833,,,,,,,,,,-10801.62372
WITCH-GLOBIOM 4.2,ADVANCE_2020_1.5C-2100,World,Emissions|CO2,Mt CO2/yr,,,,,,31743.82847,,,,,34057.08892,,,,,35659.7685,,,,,37303.32932,,,,,21322.81018,,,,,14766.57407,,,,,11451.16437,,,,,9412.112579,,,,,7395.441217,,,,,5205.080624,,,,,2987.986071,,,,,533.9092035,,,,,-2136.633319,,,,,-5135.117975,,,,,-8309.299668,,,,,-10608.48996,,,,,-12698.48323,,,,,-14565.93019,,,,,-15953.26536,,,,,-17206.77651
WITCH-GLOBIOM 4.2,ADVANCE_2030_Price1.5C,World,Emissions|CO2,Mt CO2/yr,,,,,,31743.82847,,,,,34057.08892,,,,,35659.7685,,,,,37303.32932,,,,,36660.59996,,,,,36310.01651,,,,,22009.82618,,,,,15812.92549,,,,,11504.06701,,,,,8745.503392,,,,,6510.575464,,,,,4380.049571,,,,,1786.432792,,,,,-1415.294239,,,,,-4718.213598,,,,,-7275.429087,,,,,-9736.712439,,,,,-12202.13082,,,,,-13976.03105,,,,,-15514.71075
WITCH-GLOBIOM 4.4,CD-LINKS_NPi2020_400,World,Emissions|CO2,Mt CO2/yr,,,,,,32849.4366,,,,,35674.1208,,,,,37811.00746,,,,,40656.52654,,,,,25252.11119,,,,,15430.84104,,,,,10880.29623,,,,,7508.62485,,,,,4230.11475,,,,,1743.386378,,,,,,,,,,-2903.374517,,,,,,,,,,-6157.606671,,,,,,,,,,-10988.89363,,,,,,,,,,-14723.04929,,,,,,,,,,-14222.97141
AIM/CGE 2.0,ADVANCE_2020_Med2C,World,Emissions|CO2,Mt CO2/yr,,,,,,34018.8847,,,,,38148.9465,,,,,41259.1519,,,,,43943.2767,,,,,31731.4478,,,,,23872.383,,,,,21181.6558,,,,,21409.4609,,,,,21980.7824,,,,,18343.4203,,,,,13867.353,,,,,10980.7007,,,,,15043.5645,,,,,12896.3541,,,,,12750.8198,,,,,13166.0372,,,,,12254.7836,,,,,10392.4725,,,,,9320.3627,,,,,7758.4382
AIM/CGE 2.0,ADVANCE_2020_WB2C,World,Emissions|CO2,Mt CO2/yr,,,,,,34018.8847,,,,,38148.9465,,,,,41259.1519,,,,,43943.2767,,,,,31731.5531,,,,,23879.8703,,,,,15256.4864,,,,,12899.0741,,,,,10055.6276,,,,,8213.4431,,,,,3847.7898,,,,,858.7188,,,,,1753.1507,,,,,919.0067,,,,,1217.7906,,,,,1595.5126,,,,,989.0629,,,,,-915.7661,,,,,-1491.7578,,,,,-2459.8946
AIM/CGE 2.0,ADVANCE_2030_Med2C,World,Emissions|CO2,Mt CO2/yr,,,,,,34018.8847,,,,,38149.3009,,,,,41259.1284,,,,,43970.3298,,,,,43521.0594,,,,,41558.2299,,,,,27777.6264,,,,,17620.4085,,,,,15870.4335,,,,,13654.1067,,,,,11856.7369,,,,,8049.9381,,,,,11011.765,,,,,9749.0081,,,,,9574.3759,,,,,10536.1824,,,,,9812.5665,,,,,7374.9209,,,,,6544.351,,,,,5286.6303
AIM/CGE 2.0,ADVANCE_2030_WB2C,World,Emissions|CO2,Mt CO2/yr,,,,,,34018.8847,,,,,38149.3009,,,,,41259.1284,,,,,43970.3298,,,,,43521.0594,,,,,41558.2299,,,,,27777.0853,,,,,17560.2809,,,,,5990.6792,,,,,2782.688,,,,,-838.3361,,,,,-4621.8108,,,,,-5853.6224,,,,,-6761.645,,,,,-5101.9257,,,,,-4718.4834,,,,,-5134.286,,,,,-6346.5591,,,,,-6594.7268,,,,,-7142.0107
AIM/CGE 2.0,SFCM_SSP2_Bio_2Degree,World,Emissions|CO2,Mt CO2/yr,,,,,,34690.406,,,,,38547.4385,,,,,38685.8927,,,,,39045.7254,,,,,35199.7095,,,,,31042.0858,,,,,26794.658,,,,,24013.7738,,,,,22724.2582,,,,,20382.8581,,,,,18158.8371,,,,,17162.8062,,,,,16248.5009,,,,,14802.8757,,,,,14515.1901,,,,,14117.7216,,,,,13880.1964,,,,,13688.7114,,,,,13949.2373,,,,,14162.5939
AIM/CGE 2.0,SFCM_SSP2_EEEI_2Degree,World,Emissions|CO2,Mt CO2/yr,,,,,,34690.406,,,,,37796.2642,,,,,37627.6094,,,,,37821.3648,,,,,34041.6156,,,,,29974.4845,,,,,25344.7484,,,,,21934.0741,,,,,20331.3098,,,,,17954.3118,,,,,15710.5652,,,,,13902.6771,,,,,12603.4688,,,,,11059.9217,,,,,10478.2749,,,,,9841.1285,,,,,9383.6722,,,,,8957.1082,,,,,8917.543,,,,,8837.1301
AIM/CGE 2.0,SFCM_SSP2_LifeStyle_2Degree,World,Emissions|CO2,Mt CO2/yr,,,,,,34690.406,,,,,37767.7995,,,,,37775.5947,,,,,38104.4819,,,,,34399.9577,,,,,30323.6703,,,,,25761.3135,,,,,22598.8986,,,,,21096.3662,,,,,18723.8933,,,,,16464.2703,,,,,14879.1655,,,,,13704.4255,,,,,12262.0495,,,,,11850.7177,,,,,11311.7745,,,,,10937.1934,,,,,10591.572,,,,,10693.3277,,,,,10729.495
AIM/CGE 2.0,SFCM_SSP2_Ref_2Degree,World,Emissions|CO2,Mt CO2/yr,,,,,,34690.406,,,,,38558.7818,,,,,38693.7434,,,,,39050.7392,,,,,35189.9716,,,,,30965.456,,,,,26380.79,,,,,23015.1658,,,,,21502.4198,,,,,19191.895,,,,,17054.1909,,,,,15901.3452,,,,,14759.3088,,,,,13268.7879,,,,,12895.4452,,,,,12467.7967,,,,,12227.0487,,,,,11966.5702,,,,,12131.6996,,,,,12258.0419
AIM/CGE 2.0,SFCM_SSP2_ST_CCS_2Degree,World,Emissions|CO2,Mt CO2/yr,,,,,,34690.406,,,,,38558.7818,,,,,38693.7434,,,,,39050.7392,,,,,35164.9886,,,,,30899.0468,,,,,26503.0046,,,,,23211.1257,,,,,21822.4051,,,,,19596.3246,,,,,17923.8618,,,,,16828.6676,,,,,15677.0286,,,,,14174.1647,,,,,13806.2912,,,,,13398.2236,,,,,13199.1681,,,,,12981.8406,,,,,13199.4514,,,,,13374.4244
AIM/CGE 2.0,SFCM_SSP2_ST_bio_2Degree,World,Emissions|CO2,Mt CO2/yr,,,,,,34690.406,,,,,38545.4284,,,,,38682.5147,,,,,39042.5533,,,,,35189.2807,,,,,31005.5107,,,,,26628.8295,,,,,23538.1096,,,,,22132.189,,,,,19802.7219,,,,,17594.6394,,,,,16548.9852,,,,,15559.9414,,,,,14102.2975,,,,,13733.4017,,,,,13345.5118,,,,,13144.1513,,,,,12928.8417,,,,,13142.6278,,,,,13306.6759
AIM/CGE 2.0,SFCM_SSP2_ST_nuclear_2Degree,World,Emissions|CO2,Mt CO2/yr,,,,,,34690.406,,,,,38556.0385,,,,,38713.9265,,,,,39077.7224,,,,,35213.9814,,,,,30984.7083,,,,,26417.4202,,,,,23077.8176,,,,,21517.6732,,,,,19116.3455,,,,,16929.5727,,,,,15731.6818,,,,,14560.5803,,,,,13048.7869,,,,,12599.5552,,,,,12123.0939,,,,,11818.602,,,,,11488.7655,,,,,11572.1646,,,,,11592.0728
AIM/CGE 2.0,SFCM_SSP2_ST_solar_2Degree,World,Emissions|CO2,Mt CO2/yr,,,,,,34690.406,,,,,38557.8766,,,,,38692.0635,,,,,39047.563,,,,,35181.9184,,,,,30949.0837,,,,,26327.8842,,,,,23039.4457,,,,,21470.1561,,,,,19115.7152,,,,,16971.6724,,,,,15637.8318,,,,,14464.8411,,,,,12942.4012,,,,,12481.1039,,,,,11996.444,,,,,11723.5996,,,,,11429.2472,,,,,11597.8092,,,,,11726.9532
AIM/CGE 2.0,SFCM_SSP2_ST_wind_2Degree,World,Emissions|CO2,Mt CO2/yr,,,,,,34690.406,,,,,38555.5163,,,,,38688.1002,,,,,39041.0883,,,,,35168.664,,,,,30924.4935,,,,,26262.2359,,,,,22905.5987,,,,,21305.6617,,,,,18935.2751,,,,,16824.9857,,,,,15523.3829,,,,,14376.6625,,,,,12888.5599,,,,,12484.6197,,,,,12032.077,,,,,11785.5842,,,,,11540.0129,,,,,11723.2551,,,,,11861.5567
AIM/CGE 2.0,SFCM_SSP2_SupTech_2Degree,World,Emissions|CO2,Mt CO2/yr,,,,,,34690.406,,,,,38538.4468,,,,,38695.3726,,,,,39056.6238,,,,,35152.3772,,,,,30869.9934,,,,,26513.0406,,,,,23348.6076,,,,,21913.8236,,,,,19594.3989,,,,,17883.6843,,,,,16862.0109,,,,,15842.8204,,,,,14272.8345,,,,,13862.2319,,,,,13387.963,,,,,13051.262,,,,,12696.647,,,,,12777.3534,,,,,12823.5581
AIM/CGE 2.0,SFCM_SSP2_combined_2Degree,World,Emissions|CO2,Mt CO2/yr,,,,,,34690.406,,,,,36982.1008,,,,,36691.9282,,,,,36801.8818,,,,,33151.7331,,,,,29200.791,,,,,24741.8702,,,,,21935.4094,,,,,20612.5333,,,,,18167.2572,,,,,15819.3456,,,,,13885.8818,,,,,12540.2625,,,,,11030.6032,,,,,10465.4519,,,,,9749.1497,,,,,9122.0459,,,,,8475.3575,,,,,8211.5338,,,,,7874.6226
AIM/CGE 2.0,SSP1-26,World,Emissions|CO2,Mt CO2/yr,,,,,,34373.9345,,,,,35781.8143,,,,,,,,,,37181.3385,,,,,,,,,,29790.5086,,,,,,,,,,19431.3522,,,,,,,,,,13678.9516,,,,,,,,,,8677.2115,,,,,,,,,,4100.1163,,,,,,,,,,2083.2195,,,,,,,,,,626.9675,,,,,,,,,,17.7377
AIM/CGE 2.0,SSP1-34,World,Emissions|CO2,Mt CO2/yr,,,,,,34373.9345,,,,,35781.8143,,,,,,,,,,37181.3385,,,,,,,,,,35201.7856,,,,,,,,,,31274.9355,,,,,,,,,,26476.0442,,,,,,,,,,21505.6237,,,,,,,,,,16631.638,,,,,,,,,,13486.9545,,,,,,,,,,10882.1926,,,,,,,,,,9037.7818
AIM/CGE 2.0,SSP2-26,World,Emissions|CO2,Mt CO2/yr,,,,,,34373.9345,,,,,38251.8756,,,,,,,,,,43231.2477,,,,,,,,,,30427.131,,,,,,,,,,18764.6773,,,,,,,,,,10587.9102,,,,,,,,,,6520.8678,,,,,,,,,,1006.8895,,,,,,,,,,-1581.8267,,,,,,,,,,-3653.4777,,,,,,,,,,-4841.6014
AIM/CGE 2.0,SSP2-34,World,Emissions|CO2,Mt CO2/yr,,,,,,34373.9345,,,,,38251.8756,,,,,,,,,,43231.2477,,,,,,,,,,38732.6422,,,,,,,,,,31243.5853,,,,,,,,,,23706.9432,,,,,,,,,,17488.1653,,,,,,,,,,12730.6701,,,,,,,,,,9444.6482,,,,,,,,,,6695.9765,,,,,,,,,,4235.4263
AIM/CGE 2.0,SSP3-34,World,Emissions|CO2,Mt CO2/yr,,,,,,34373.9345,,,,,39398.6156,,,,,,,,,,46637.7362,,,,,,,,,,48292.1814,,,,,,,,,,32552.8463,,,,,,,,,,22930.8952,,,,,,,,,,16754.0393,,,,,,,,,,9494.7046,,,,,,,,,,3925.1845,,,,,,,,,,-713.415,,,,,,,,,,-3861.9427
AIM/CGE 2.0,SSP4-26,World,Emissions|CO2,Mt CO2/yr,,,,,,34373.9345,,,,,38198.2155,,,,,,,,,,44818.0637,,,,,,,,,,34967.5373,,,,,,,,,,22419.0714,,,,,,,,,,15216.1727,,,,,,,,,,9004.5016,,,,,,,,,,3298.7214,,,,,,,,,,672.1782,,,,,,,,,,-1551.7865,,,,,,,,,,-2785.298
AIM/CGE 2.0,SSP4-34,World,Emissions|CO2,Mt CO2/yr,,,,,,34373.9345,,,,,38198.2155,,,,,,,,,,44818.0637,,,,,,,,,,41435.6293,,,,,,,,,,35733.4726,,,,,,,,,,29218.9688,,,,,,,,,,22772.1613,,,,,,,,,,16667.227,,,,,,,,,,12521.8907,,,,,,,,,,9033.0042,,,,,,,,,,6327.3842
AIM/CGE 2.0,SSP5-26,World,Emissions|CO2,Mt CO2/yr,,,,,,34373.9345,,,,,37229.7437,,,,,,,,,,41808.1147,,,,,,,,,,28062.8871,,,,,,,,,,21740.3454,,,,,,,,,,11007.712,,,,,,,,,,4297.8936,,,,,,,,,,-1844.7285,,,,,,,,,,-4443.6726,,,,,,,,,,-6481.0354,,,,,,,,,,-7639.2179
AIM/CGE 2.0,SSP5-34,World,Emissions|CO2,Mt CO2/yr,,,,,,34373.9345,,,,,37229.7437,,,,,,,,,,41808.1147,,,,,,,,,,37389.5873,,,,,,,,,,35477.5272,,,,,,,,,,27479.7823,,,,,,,,,,17247.883,,,,,,,,,,11183.2035,,,,,,,,,,7081.9453,,,,,,,,,,3977.6836,,,,,,,,,,1614.1539
AIM/CGE 2.1,CD-LINKS_NPi2020_1000,World,Emissions|CO2,Mt CO2/yr,,,,,,32974.8985,,,,,33909.3468,,,,,36076.2817,,,,,38682.1867,,,,,31600.5259,,,,,23423.4814,,,,,14732.393,,,,,11684.0263,,,,,9315.3868,,,,,7141.7513,,,,,4059.6392,,,,,1032.6013,,,,,-640.3628,,,,,-25.3164,,,,,342.4037,,,,,773.4874,,,,,1217.1827,,,,,1162.8789,,,,,664.5469,,,,,20.1297
AIM/CGE 2.1,CD-LINKS_NPi2020_1600,World,Emissions|CO2,Mt CO2/yr,,,,,,32974.8985,,,,,33953.8904,,,,,36405.9312,,,,,39252.2177,,,,,32922.1093,,,,,24445.3488,,,,,20740.1488,,,,,19392.8449,,,,,17671.2517,,,,,15833.9838,,,,,13316.4963,,,,,10806.3148,,,,,9275.0995,,,,,9903.2324,,,,,10533.3504,,,,,11263.5854,,,,,11857.7899,,,,,11511.9539,,,,,10472.9574,,,,,8941.5908
AIM/CGE 2.1,EMF33_Med2C_cost100,World,Emissions|CO2,Mt CO2/yr,,,,,,32974.8985,,,,,37824.4259,,,,,40688.8685,,,,,43736.3442,,,,,32690.4514,,,,,25635.644,,,,,23209.5184,,,,,24211.9827,,,,,19917.3092,,,,,16209.7605,,,,,12043.9543,,,,,9707.9342,,,,,6804.686,,,,,9620.6969,,,,,8544.0074,,,,,7719.399,,,,,8054.7066,,,,,8123.5562,,,,,8355.7972,,,,,8661.3157
AIM/CGE 2.1,EMF33_Med2C_full,World,Emissions|CO2,Mt CO2/yr,,,,,,32974.8985,,,,,37828.1179,,,,,40698.5717,,,,,43739.2684,,,,,32683.1463,,,,,25600.7516,,,,,23815.9443,,,,,25223.096,,,,,19806.5837,,,,,17085.7939,,,,,13167.7831,,,,,10882.8344,,,,,7497.8682,,,,,8088.2218,,,,,7980.2763,,,,,8148.6513,,,,,8309.8082,,,,,8361.2441,,,,,8547.1912,,,,,9392.8555
AIM/CGE 2.1,EMF33_Med2C_nobeccs,World,Emissions|CO2,Mt CO2/yr,,,,,,32974.8985,,,,,37828.1179,,,,,40698.5717,,,,,43739.2684,,,,,32683.1463,,,,,25600.2049,,,,,22993.1284,,,,,22919.0162,,,,,18235.0988,,,,,16315.3414,,,,,10596.5211,,,,,8995.4568,,,,,7035.6529,,,,,6982.8377,,,,,8000.1284,,,,,7928.3329,,,,,8234.3669,,,,,8817.939,,,,,9314.6385,,,,,9539.1609
AIM/CGE 2.1,EMF33_Med2C_nofuel,World,Emissions|CO2,Mt CO2/yr,,,,,,32974.8985,,,,,37828.1179,,,,,40681.4844,,,,,43755.4777,,,,,32715.811,,,,,25674.869,,,,,22396.8625,,,,,21440.8065,,,,,16523.54,,,,,16639.1663,,,,,10770.1429,,,,,9176.4123,,,,,7074.9844,,,,,6608.6982,,,,,7404.8088,,,,,7432.1068,,,,,8108.89,,,,,8676.4101,,,,,9007.8357,,,,,9320.5865
AIM/CGE 2.1,EMF33_Med2C_none,World,Emissions|CO2,Mt CO2/yr,,,,,,32974.8985,,,,,37808.3659,,,,,40681.1151,,,,,43793.4837,,,,,32790.8793,,,,,25796.7388,,,,,22561.0679,,,,,20965.6983,,,,,16458.7095,,,,,16105.9746,,,,,11426.491,,,,,9864.9874,,,,,7647.3689,,,,,6707.8069,,,,,7523.4914,,,,,7192.0755,,,,,8131.4129,,,,,8903.8768,,,,,9285.8884,,,,,9584.2796
AIM/CGE 2.1,EMF33_WB2C_cost100,World,Emissions|CO2,Mt CO2/yr,,,,,,32974.8985,,,,,37824.4259,,,,,40688.8685,,,,,43736.3442,,,,,32690.4514,,,,,25635.644,,,,,14850.9901,,,,,14951.0417,,,,,9870.6822,,,,,8028.0765,,,,,2881.9281,,,,,-97.5015,,,,,-2751.0195,,,,,-3308.3976,,,,,-1656.3051,,,,,-1987.684,,,,,-1279.9679,,,,,-1001.174,,,,,-656.325,,,,,-347.1958
AIM/CGE 2.1,EMF33_WB2C_full,World,Emissions|CO2,Mt CO2/yr,,,,,,32974.8985,,,,,37828.1179,,,,,40698.5717,,,,,43739.2684,,,,,32683.1463,,,,,25600.7516,,,,,14776.9383,,,,,16640.2318,,,,,11334.8486,,,,,9561.8792,,,,,3581.3874,,,,,-110.3993,,,,,-2532.273,,,,,-2868.4306,,,,,-1228.6756,,,,,-1169.9062,,,,,-618.7052,,,,,72.157,,,,,-61.075,,,,,814.6376
AIM/CGE 2.1,TERL_2D_LowCarbonTransportPolicy,World,Emissions|CO2,Mt CO2/yr,,,,,,32974.8985,,,,,33899.2827,,,,,36228.6641,,,,,38995.4282,,,,,29942.3948,,,,,22985.8237,,,,,20685.5269,,,,,17578.1407,,,,,13923.2774,,,,,10226.7431,,,,,6925.9911,,,,,4183.5589,,,,,1931.9389,,,,,65.7213,,,,,-1423.9117,,,,,-2548.9616,,,,,-3333.2714,,,,,-4127.0907,,,,,-4956.3871,,,,,-5890.1921
AIM/CGE 2.1,TERL_2D_NoTransportPolicy,World,Emissions|CO2,Mt CO2/yr,,,,,,32974.8985,,,,,34477.4844,,,,,37205.9956,,,,,40326.8225,,,,,31078.909,,,,,24086.481,,,,,21823.964,,,,,18671.2985,,,,,14946.5604,,,,,11069.1624,,,,,7631.6064,,,,,4797.1632,,,,,2456.0978,,,,,716.2522,,,,,-187.2364,,,,,-1022.7119,,,,,-1916.7907,,,,,-2791.1951,,,,,-3724.2313,,,,,-4821.5462
GCAM 4.2,SSP1-26,World,Emissions|CO2,Mt CO2/yr,,,,,,,,,,,35775.43167,,,,,,,,,,35526.56077,,,,,,,,,,28026.92351,,,,,,,,,,23573.063,,,,,,,,,,17766.7692,,,,,,,,,,11324.00927,,,,,,,,,,4920.97541,,,,,,,,,,-555.5890482,,,,,,,,,,-5880.160665,,,,,,,,,,-10963.87157
GCAM 4.2,SSP1-34,World,Emissions|CO2,Mt CO2/yr,,,,,,,,,,,35775.43167,,,,,,,,,,35526.56048,,,,,,,,,,34640.07409,,,,,,,,,,33537.16666,,,,,,,,,,30082.26598,,,,,,,,,,27347.87914,,,,,,,,,,20878.86653,,,,,,,,,,11018.50548,,,,,,,,,,4100.073619,,,,,,,,,,-1345.64382
GCAM 4.2,SSP2-26,World,Emissions|CO2,Mt CO2/yr,,,,,,,,,,,35775.42846,,,,,,,,,,39892.5593,,,,,,,,,,46337.38079,,,,,,,,,,24661.77147,,,,,,,,,,4013.386335,,,,,,,,,,-4440.896938,,,,,,,,,,-6551.907095,,,,,,,,,,-11175.74103,,,,,,,,,,-17078.98655,,,,,,,,,,-24018.22941
GCAM 4.2,SSP2-34,World,Emissions|CO2,Mt CO2/yr,,,,,,,,,,,35775.42842,,,,,,,,,,39892.55855,,,,,,,,,,46337.37907,,,,,,,,,,39831.4322,,,,,,,,,,25420.39547,,,,,,,,,,13747.06697,,,,,,,,,,7418.710407,,,,,,,,,,2718.947494,,,,,,,,,,-3427.416586,,,,,,,,,,-10434.94681
GCAM 4.2,SSP4-26,World,Emissions|CO2,Mt CO2/yr,,,,,,,,,,,35775.76253,,,,,,,,,,40048.78536,,,,,,,,,,23821.81049,,,,,,,,,,16324.22323,,,,,,,,,,11881.38324,,,,,,,,,,6666.028153,,,,,,,,,,-123.1214489,,,,,,,,,,-10622.95596,,,,,,,,,,-19091.43944,,,,,,,,,,-27544.50487
GCAM 4.2,SSP4-34,World,Emissions|CO2,Mt CO2/yr,,,,,,,,,,,35775.76249,,,,,,,,,,40048.79673,,,,,,,,,,35021.11467,,,,,,,,,,28099.4473,,,,,,,,,,19939.74567,,,,,,,,,,14798.745,,,,,,,,,,10246.93459,,,,,,,,,,2773.520564,,,,,,,,,,-7132.041459,,,,,,,,,,-15962.10444
GCAM 4.2,SSP5-26,World,Emissions|CO2,Mt CO2/yr,,,,,,,,,,,35775.43186,,,,,,,,,,39478.48029,,,,,,,,,,51109.39526,,,,,,,,,,23686.28156,,,,,,,,,,186.410248,,,,,,,,,,-3111.930541,,,,,,,,,,-3712.916562,,,,,,,,,,-6778.937259,,,,,,,,,,-12773.70706,,,,,,,,,,-21665.96217
GCAM 4.2,SSP5-34,World,Emissions|CO2,Mt CO2/yr,,,,,,,,,,,35775.43176,,,,,,,,,,39478.47898,,,,,,,,,,51109.39233,,,,,,,,,,38911.80437,,,,,,,,,,17677.18411,,,,,,,,,,10089.93485,,,,,,,,,,7178.30571,,,,,,,,,,3772.626123,,,,,,,,,,-1252.703759,,,,,,,,,,-9437.765414
IMAGE 3.0.1,ADVANCE_2020_Med2C,World,Emissions|CO2,Mt CO2/yr,,,,,,33197.38054,,,,,35473.99024,,,,,37079.82552,,,,,39453.66276,,,,,37984.2461,,,,,34073.38802,,,,,29415.75635,,,,,25705.82373,,,,,20289.99951,,,,,16508.07097,,,,,13730.02401,,,,,12129.7478,,,,,11048.06234,,,,,10225.34326,,,,,8286.619223,,,,,6628.783244,,,,,4965.447714,,,,,2923.986959,,,,,1627.091726,,,,,520.7924398
IMAGE 3.0.1,ADVANCE_2020_WB2C,World,Emissions|CO2,Mt CO2/yr,,,,,,33197.38054,,,,,35473.99024,,,,,37062.88509,,,,,38538.57162,,,,,33534.25912,,,,,27612.72852,,,,,22432.51628,,,,,16061.95508,,,,,12352.25163,,,,,7456.826864,,,,,4913.391968,,,,,2792.641114,,,,,1049.117279,,,,,279.7410253,,,,,-701.6526083,,,,,-1311.859212,,,,,-1534.912455,,,,,-2218.489095,,,,,-2327.431437,,,,,-3102.35024
IMAGE 3.0.1,ADVANCE_2030_Med2C,World,Emissions|CO2,Mt CO2/yr,,,,,,33197.38054,,,,,35473.99024,,,,,37084.63086,,,,,39568.76172,,,,,40092.39681,,,,,39440.61101,,,,,36106.3112,,,,,32021.18978,,,,,26513.47689,,,,,21591.40479,,,,,14144.35734,,,,,9667.74227,,,,,5714.346029,,,,,4230.009807,,,,,3100.20046,,,,,1520.122589,,,,,764.586553,,,,,147.3588244,,,,,295.0139822,,,,,-234.7734172
IMAGE 3.0.1,ADVANCE_2030_WB2C,World,Emissions|CO2,Mt CO2/yr,,,,,,33197.38054,,,,,35473.99024,,,,,37085.61914,,,,,39061.62305,,,,,39294.93262,,,,,36947.78972,,,,,23235.30681,,,,,17295.96029,,,,,11866.63493,,,,,7713.115316,,,,,3296.523336,,,,,1242.128764,,,,,-112.0993843,,,,,-834.6899008,,,,,-1478.04365,,,,,-1434.808472,,,,,-1528.786947,,,,,-2804.514588,,,,,-3642.231547,,,,,-3902.473796
IMAGE 3.0.1,CD-LINKS_NPi2020_1000,World,Emissions|CO2,Mt CO2/yr,,,,,,33327.23568,,,,,35037.74642,,,,,37621.72233,,,,,39396.42839,,,,,37175.7461,,,,,30087.45638,,,,,25326.86979,,,,,18357.99203,,,,,14170.69092,,,,,10528.94344,,,,,,,,,,4138.596029,,,,,,,,,,699.4768118,,,,,,,,,,-1799.597382,,,,,,,,,,-2483.902588,,,,,,,,,,-2935.932719
IMAGE 3.0.1,CD-LINKS_NPi2020_1600,World,Emissions|CO2,Mt CO2/yr,,,,,,33094.29492,,,,,35161.04525,,,,,37452.39681,,,,,39694.56348,,,,,38414.38477,,,,,33650.76172,,,,,28987.36507,,,,,24293.52149,,,,,18487.94206,,,,,16377.43522,,,,,,,,,,11557.77376,,,,,,,,,,8004.102377,,,,,,,,,,3864.824219,,,,,,,,,,198.3931389,,,,,,,,,,-1344.99528
IMAGE 3.0.1,SSP1-26,World,Emissions|CO2,Mt CO2/yr,,,,,,33166.07422,,,,,35488.82162,,,,,,,,,,38389.78158,,,,,,,,,,33930.92513,,,,,,,,,,25904.73682,,,,,,,,,,17732.93457,,,,,,,,,,10565.80794,,,,,,,,,,4785.242147,,,,,,,,,,-2921.840088,,,,,,,,,,-8098.321208,,,,,,,,,,-8347.35018
IMAGE 3.0.1,SSP1-34,World,Emissions|CO2,Mt CO2/yr,,,,,,33166.07422,,,,,35488.81804,,,,,,,,,,39638.79362,,,,,,,,,,39351.40072,,,,,,,,,,37443.11914,,,,,,,,,,32947.2666,,,,,,,,,,27955.58334,,,,,,,,,,19813.28093,,,,,,,,,,9123.370281,,,,,,,,,,-2275.437907,,,,,,,,,,-6615.458456
IMAGE 3.0.1,SSP2-26,World,Emissions|CO2,Mt CO2/yr,,,,,,33182.72819,,,,,35612.61817,,,,,,,,,,39787.11101,,,,,,,,,,28697.75749,,,,,,,,,,18550.00326,,,,,,,,,,10842.53117,,,,,,,,,,2871.237224,,,,,,,,,,-469.8957876,,,,,,,,,,-2924.837606,,,,,,,,,,-3985.219523,,,,,,,,,,-5241.49642
IMAGE 3.0.1,SSP2-34,World,Emissions|CO2,Mt CO2/yr,,,,,,33182.72819,,,,,35614.45508,,,,,,,,,,41210.94857,,,,,,,,,,39074.27377,,,,,,,,,,34068.12793,,,,,,,,,,25923.54281,,,,,,,,,,16112.01904,,,,,,,,,,13371.31014,,,,,,,,,,7137.837606,,,,,,,,,,2880.997172,,,,,,,,,,307.2401861
IMAGE 3.0.1,SSP3-34,World,Emissions|CO2,Mt CO2/yr,,,,,,33177.85482,,,,,35710.44727,,,,,,,,,,44714.78158,,,,,,,,,,41811.95248,,,,,,,,,,29420.36833,,,,,,,,,,19430.42936,,,,,,,,,,8274.177979,,,,,,,,,,4203.455567,,,,,,,,,,3300.164938,,,,,,,,,,3180.175598,,,,,,,,,,2820.103068
IMAGE 3.0.1,SSP4-26,World,Emissions|CO2,Mt CO2/yr,,,,,,33111.52539,,,,,35675.75,,,,,,,,,,37470.87696,,,,,,,,,,27076.2404,,,,,,,,,,16513.31315,,,,,,,,,,6017.40328,,,,,,,,,,1784.381185,,,,,,,,,,-90.11819713,,,,,,,,,,-1035.020396,,,,,,,,,,-1493.649699,,,,,,,,,,-960.9200033
IMAGE 3.0.1,SSP4-34,World,Emissions|CO2,Mt CO2/yr,,,,,,33111.52539,,,,,35675.74642,,,,,,,,,,41076.7142,,,,,,,,,,39330.79362,,,,,,,,,,34674.08399,,,,,,,,,,24845.57145,,,,,,,,,,15320.95361,,,,,,,,,,10449.46468,,,,,,,,,,6779.387818,,,,,,,,,,2701.571757,,,,,,,,,,663.7825369
IMAGE 3.0.1,SSP5-34,World,Emissions|CO2,Mt CO2/yr,,,,,,33167.39193,,,,,35999.34766,,,,,,,,,,44037.40072,,,,,,,,,,45211.79753,,,,,,,,,,40068.92871,,,,,,,,,,29570.75716,,,,,,,,,,16809.24251,,,,,,,,,,9462.482341,,,,,,,,,,6551.255534,,,,,,,,,,2458.738343,,,,,,,,,,701.3552399
IMAGE 3.0.2,EMF33_Med2C_cost100,World,Emissions|CO2,Mt CO2/yr,29807.48454,,,,,33168.06153,,,,,35595.57032,,,,,,,,,,39566.15495,,,,,,,,,,38415.96029,,,,,,,,,,29777.30795,,,,,,,,,,21519.63802,,,,,,,,,,16478.67855,,,,,,,,,,11248.86426,,,,,,,,,,8261.014324,,,,,,,,,,4182.636312,,,,,,,,,,792.3758088
IMAGE 3.0.2,EMF33_Med2C_full,World,Emissions|CO2,Mt CO2/yr,29807.60987,,,,,33167.9362,,,,,35595.2194,,,,,,,,,,39580.53158,,,,,,,,,,39167.55176,,,,,,,,,,30020.99089,,,,,,,,,,20778.81022,,,,,,,,,,15335.1888,,,,,,,,,,12335.79639,,,,,,,,,,8862.780925,,,,,,,,,,4585.459839,,,,,,,,,,896.5608725
IMAGE 3.0.2,EMF33_Med2C_limbio,World,Emissions|CO2,Mt CO2/yr,29807.60987,,,,,33167.9362,,,,,35595.2194,,,,,,,,,,39820.80567,,,,,,,,,,36939.94434,,,,,,,,,,26937.41195,,,,,,,,,,20658.26319,,,,,,,,,,18075.54769,,,,,,,,,,15143.39242,,,,,,,,,,8945.247804,,,,,,,,,,3693.260966,,,,,,,,,,1646.880066
IMAGE 3.0.2,EMF33_Med2C_nobeccs,World,Emissions|CO2,Mt CO2/yr,29807.60987,,,,,33167.9362,,,,,35595.2194,,,,,,,,,,39512.51205,,,,,,,,,,36763.3571,,,,,,,,,,27776.76351,,,,,,,,,,19805.6862,,,,,,,,,,14246.12972,,,,,,,,,,12668.9528,,,,,,,,,,9539.419679,,,,,,,,,,7439.55656,,,,,,,,,,6193.586793
IMAGE 3.0.2,EMF33_Med2C_nofuel,World,Emissions|CO2,Mt CO2/yr,29807.60987,,,,,33167.9362,,,,,35597.51465,,,,,,,,,,39980.08724,,,,,,,,,,38720.95248,,,,,,,,,,29921.68653,,,,,,,,,,20131.02946,,,,,,,,,,15376.05746,,,,,,,,,,12121.24805,,,,,,,,,,8910.689291,,,,,,,,,,4691.613689,,,,,,,,,,1891.548605
IMAGE 3.0.2,EMF33_Med2C_none,World,Emissions|CO2,Mt CO2/yr,29807.60987,,,,,33167.9362,,,,,35597.51465,,,,,,,,,,39917.93653,,,,,,,,,,36717.19434,,,,,,,,,,27622.80827,,,,,,,,,,18522.21501,,,,,,,,,,13538.04859,,,,,,,,,,12284.79248,,,,,,,,,,9542.169679,,,,,,,,,,7356.139893,,,,,,,,,,6157.231649
IMAGE 3.0.2,EMF33_WB2C_cost100,World,Emissions|CO2,Mt CO2/yr,29807.48454,,,,,33168.06153,,,,,35595.57032,,,,,,,,,,39447.21029,,,,,,,,,,35044.13086,,,,,,,,,,22320.75993,,,,,,,,,,12081.42139,,,,,,,,,,4523.706136,,,,,,,,,,3121.84843,,,,,,,,,,1057.00764,,,,,,,,,,-506.6966757,,,,,,,,,,-1654.552562
IMAGE 3.0.2,EMF33_WB2C_full,World,Emissions|CO2,Mt CO2/yr,29807.60987,,,,,33167.9362,,,,,35595.2194,,,,,,,,,,39440.42839,,,,,,,,,,34906.38737,,,,,,,,,,21930.59294,,,,,,,,,,11872.00692,,,,,,,,,,5882.778158,,,,,,,,,,4109.478882,,,,,,,,,,1631.136831,,,,,,,,,,-651.6553905,,,,,,,,,,-1686.414785
IMAGE 3.0.2,EMF33_WB2C_limbio,World,Emissions|CO2,Mt CO2/yr,29807.60987,,,,,33167.9362,,,,,35595.2194,,,,,,,,,,39712.67839,,,,,,,,,,33174.14519,,,,,,,,,,18037.22494,,,,,,,,,,12301.29606,,,,,,,,,,6288.564291,,,,,,,,,,2991.426636,,,,,,,,,,1547.168284,,,,,,,,,,1156.485779,,,,,,,,,,475.7917939
IMAGE 3.0.2,EMF33_WB2C_nobeccs,World,Emissions|CO2,Mt CO2/yr,29807.60987,,,,,33167.9362,,,,,35595.2194,,,,,,,,,,39403.2461,,,,,,,,,,33306.34929,,,,,,,,,,21738.85921,,,,,,,,,,12142.41642,,,,,,,,,,6529.328492,,,,,,,,,,5756.329183,,,,,,,,,,5279.01351,,,,,,,,,,4441.385621,,,,,,,,,,4214.067058
IMAGE 3.0.2,EMF33_WB2C_nofuel,World,Emissions|CO2,Mt CO2/yr,29807.60987,,,,,33167.9362,,,,,35597.51465,,,,,,,,,,39842.80567,,,,,,,,,,34649.83529,,,,,,,,,,21661.29883,,,,,,,,,,11010.75472,,,,,,,,,,5851.692058,,,,,,,,,,2831.170207,,,,,,,,,,1115.905263,,,,,,,,,,-1101.073547,,,,,,,,,,-2057.354492
MERGE-ETL 6.0,DAC2_66,World,Emissions|CO2,Mt CO2/yr,38587,,,,,40695.8,,,,,41734.3,,,,,,,,,,43733.2,,,,,,,,,,42745.1,,,,,,,,,,34932.6,,,,,,,,,,21311.6,,,,,,,,,,12932.6,,,,,,,,,,4542.8,,,,,,,,,,-5102.2,,,,,,,,,,-15833.6,,,,,,,,,,-25569.5
MESSAGE V.3,GEA_Eff_2C_Delay2020,World,Emissions|CO2,Mt CO2/yr,,,,,,34449.23167,,,,,36355.96433,,,,,,,,,,38768.939,,,,,,,,,,33519.321,,,,,,,,,,24774.76833,,,,,,,,,,11403.062,,,,,,,,,,1456.678667,,,,,,,,,,-5178.660667,,,,,,,,,,-9940.703667,,,,,,,,,,-12764.09933,,,,,,,,,,-15596.51867
MESSAGE V.3,GEA_Mix_2C_AdvNCO2_PartialDelay2020,World,Emissions|CO2,Mt CO2/yr,,,,,,34472.41967,,,,,36421.759,,,,,,,,,,35157.81867,,,,,,,,,,32431.96367,,,,,,,,,,23998.56433,,,,,,,,,,10407.342,,,,,,,,,,2202.313667,,,,,,,,,,-3114.089,,,,,,,,,,-6397.812667,,,,,,,,,,-9065.283333,,,,,,,,,,-11094.26267
MESSAGE V.3,GEA_Mix_2C_AdvTrans_PartialDelay2020,World,Emissions|CO2,Mt CO2/yr,,,,,,34472.416,,,,,36421.79567,,,,,,,,,,35154.56267,,,,,,,,,,33450.17133,,,,,,,,,,25568.697,,,,,,,,,,11332.79767,,,,,,,,,,1338.868667,,,,,,,,,,-5180.068667,,,,,,,,,,-9573.938,,,,,,,,,,-12977.305,,,,,,,,,,-15830.30167
MESSAGE-GLOBIOM 1.0,ADVANCE_2020_Med2C,World,Emissions|CO2,Mt CO2/yr,,,,,,37637.83698,,,,,40078.96249,,,,,,,,,,40499.49916,,,,,,,,,,35953.83445,,,,,,,,,,31482.25341,,,,,,,,,,23721.65695,,,,,,,,,,15050.01714,,,,,,,,,,8465.468797,,,,,,,,,,1688.374932,,,,,,,,,,-2858.05615,,,,,,,,,,-5182.504096
MESSAGE-GLOBIOM 1.0,ADVANCE_2020_WB2C,World,Emissions|CO2,Mt CO2/yr,,,,,,37636.19286,,,,,40078.80645,,,,,,,,,,40497.53707,,,,,,,,,,29715.93127,,,,,,,,,,21753.69179,,,,,,,,,,12782.12836,,,,,,,,,,6578.386943,,,,,,,,,,-307.066343,,,,,,,,,,-6081.007049,,,,,,,,,,-9145.058119,,,,,,,,,,-10917.10985
MESSAGE-GLOBIOM 1.0,ADVANCE_2030_Med2C,World,Emissions|CO2,Mt CO2/yr,,,,,,37637.39086,,,,,40078.93122,,,,,,,,,,40500.10381,,,,,,,,,,40993.42084,,,,,,,,,,31640.6211,,,,,,,,,,23589.13221,,,,,,,,,,13814.33184,,,,,,,,,,7675.47192,,,,,,,,,,899.0624412,,,,,,,,,,-4758.43964,,,,,,,,,,-7518.239188
MESSAGE-GLOBIOM 1.0,ADVANCE_2030_WB2C,World,Emissions|CO2,Mt CO2/yr,,,,,,37634.45651,,,,,40078.58149,,,,,,,,,,40497.52789,,,,,,,,,,40989.66583,,,,,,,,,,21205.08399,,,,,,,,,,10695.09246,,,,,,,,,,2704.689806,,,,,,,,,,-2044.810427,,,,,,,,,,-7050.249993,,,,,,,,,,-11502.56705,,,,,,,,,,-12420.49491
MESSAGE-GLOBIOM 1.0,EMF33_Med2C_cost100,World,Emissions|CO2,Mt CO2/yr,33061.58661,,,,,37547.0345,,,,,40094.78829,,,,,,,,,,41037.40834,,,,,,,,,,33452.23989,,,,,,,,,,28824.37311,,,,,,,,,,20168.87508,,,,,,,,,,11717.75789,,,,,,,,,,4387.878995,,,,,,,,,,-818.408163,,,,,,,,,,-4669.84795,,,,,,,,,,-7358.381731
MESSAGE-GLOBIOM 1.0,EMF33_Med2C_full,World,Emissions|CO2,Mt CO2/yr,33061.58661,,,,,37547.0345,,,,,40094.78829,,,,,,,,,,41037.40834,,,,,,,,,,33913.06839,,,,,,,,,,29235.44334,,,,,,,,,,19620.31904,,,,,,,,,,10512.50416,,,,,,,,,,4246.279284,,,,,,,,,,-852.720182,,,,,,,,,,-4621.536587,,,,,,,,,,-7191.202214
MESSAGE-GLOBIOM 1.0,EMF33_Med2C_limbio,World,Emissions|CO2,Mt CO2/yr,33061.58661,,,,,37547.0345,,,,,40094.78829,,,,,,,,,,41037.40834,,,,,,,,,,31663.9319,,,,,,,,,,25827.50716,,,,,,,,,,15705.85152,,,,,,,,,,8126.249832,,,,,,,,,,3070.677851,,,,,,,,,,765.1920732,,,,,,,,,,-1055.001563,,,,,,,,,,-2268.134096
MESSAGE-GLOBIOM 1.0,EMF33_Med2C_nobeccs,World,Emissions|CO2,Mt CO2/yr,33061.58661,,,,,37547.0345,,,,,40094.78829,,,,,,,,,,41037.40834,,,,,,,,,,28860.48083,,,,,,,,,,20784.87123,,,,,,,,,,13972.32515,,,,,,,,,,8903.454506,,,,,,,,,,5887.669416,,,,,,,,,,3571.053532,,,,,,,,,,1307.931936,,,,,,,,,,539.8150203
MESSAGE-GLOBIOM 1.0,EMF33_Med2C_nofuel,World,Emissions|CO2,Mt CO2/yr,33061.58661,,,,,37547.0345,,,,,40094.78829,,,,,,,,,,41037.40834,,,,,,,,,,33029.29695,,,,,,,,,,28260.00749,,,,,,,,,,18434.84599,,,,,,,,,,9758.652459,,,,,,,,,,3991.157977,,,,,,,,,,-383.2506778,,,,,,,,,,-3454.152009,,,,,,,,,,-5643.336196
MESSAGE-GLOBIOM 1.0,EMF33_Med2C_none,World,Emissions|CO2,Mt CO2/yr,33061.58661,,,,,37547.0345,,,,,40094.78829,,,,,,,,,,41037.40834,,,,,,,,,,27335.55874,,,,,,,,,,18517.25538,,,,,,,,,,13137.92992,,,,,,,,,,8391.855969,,,,,,,,,,5966.895331,,,,,,,,,,4321.451495,,,,,,,,,,2711.104774,,,,,,,,,,2187.169132
MESSAGE-GLOBIOM 1.0,EMF33_WB2C_cost100,World,Emissions|CO2,Mt CO2/yr,33061.58661,,,,,37547.0345,,,,,40094.78829,,,,,,,,,,41037.40834,,,,,,,,,,26850.37693,,,,,,,,,,17567.40717,,,,,,,,,,9561.657814,,,,,,,,,,432.854437,,,,,,,,,,-3781.374311,,,,,,,,,,-7459.901993,,,,,,,,,,-10137.53204,,,,,,,,,,-11379.19002
MESSAGE-GLOBIOM 1.0,EMF33_WB2C_full,World,Emissions|CO2,Mt CO2/yr,33061.58661,,,,,37547.0345,,,,,40094.78829,,,,,,,,,,41037.40834,,,,,,,,,,27072.63604,,,,,,,,,,17501.37438,,,,,,,,,,9155.939154,,,,,,,,,,303.5461226,,,,,,,,,,-3814.777598,,,,,,,,,,-7375.327479,,,,,,,,,,-10049.47376,,,,,,,,,,-11300.33726
MESSAGE-GLOBIOM 1.0,EMF33_WB2C_limbio,World,Emissions|CO2,Mt CO2/yr,33061.58661,,,,,37547.0345,,,,,40094.78829,,,,,,,,,,41037.40834,,,,,,,,,,22663.63601,,,,,,,,,,12667.23304,,,,,,,,,,5598.981531,,,,,,,,,,-1001.033258,,,,,,,,,,-3142.838178,,,,,,,,,,-4806.228536,,,,,,,,,,-5679.073041,,,,,,,,,,-5570.181399
MESSAGE-GLOBIOM 1.0,EMF33_WB2C_nofuel,World,Emissions|CO2,Mt CO2/yr,33061.58661,,,,,37547.0345,,,,,40094.78829,,,,,,,,,,41037.40834,,,,,,,,,,26202.24935,,,,,,,,,,16686.46598,,,,,,,,,,8785.013058,,,,,,,,,,527.116698,,,,,,,,,,-3044.924463,,,,,,,,,,-6025.531798,,,,,,,,,,-8144.238743,,,,,,,,,,-9150.676298
MESSAGE-GLOBIOM 1.0,SSP1-26,World,Emissions|CO2,Mt CO2/yr,,,,,,37720.3815,,,,,40267.69877,,,,,,,,,,38420.43876,,,,,,,,,,32769.34486,,,,,,,,,,28134.5926,,,,,,,,,,19794.23834,,,,,,,,,,9669.221596,,,,,,,,,,1691.518701,,,,,,,,,,-4199.503055,,,,,,,,,,-9066.820413,,,,,,,,,,-12215.37349
MESSAGE-GLOBIOM 1.0,SSP1-34,World,Emissions|CO2,Mt CO2/yr,,,,,,37720.47461,,,,,40267.72719,,,,,,,,,,39862.00925,,,,,,,,,,38448.67162,,,,,,,,,,35708.25633,,,,,,,,,,32990.65735,,,,,,,,,,27036.99593,,,,,,,,,,17295.55571,,,,,,,,,,7632.617021,,,,,,,,,,-102.8568172,,,,,,,,,,-6174.116789
MESSAGE-GLOBIOM 1.0,SSP2-26,World,Emissions|CO2,Mt CO2/yr,,,,,,37770.82026,,,,,40294.32257,,,,,,,,,,40656.96919,,,,,,,,,,34541.60238,,,,,,,,,,26305.61187,,,,,,,,,,16330.60141,,,,,,,,,,9247.853483,,,,,,,,,,2010.280498,,,,,,,,,,-4045.766822,,,,,,,,,,-6495.75301,,,,,,,,,,-8357.277098
MESSAGE-GLOBIOM 1.0,SSP2-34,World,Emissions|CO2,Mt CO2/yr,,,,,,37770.83369,,,,,40294.28312,,,,,,,,,,41685.86099,,,,,,,,,,42031.55666,,,,,,,,,,38219.66735,,,,,,,,,,32611.93856,,,,,,,,,,24302.66054,,,,,,,,,,15423.40394,,,,,,,,,,7974.427459,,,,,,,,,,1860.016865,,,,,,,,,,-1418.092488
MESSAGE-GLOBIOM 1.0,SSP3-34,World,Emissions|CO2,Mt CO2/yr,,,,,,37720.44564,,,,,40345.1034,,,,,,,,,,47880.07896,,,,,,,,,,47038.52004,,,,,,,,,,31260.0732,,,,,,,,,,21803.52901,,,,,,,,,,12858.82209,,,,,,,,,,6104.736709,,,,,,,,,,2227.11244,,,,,,,,,,-182.8153942,,,,,,,,,,-715.3315711
MESSAGEix-GLOBIOM 1.0,CD-LINKS_NPi2020_1000,World,Emissions|CO2,Mt CO2/yr,31667.90819,,,,,35933.0697,,,,,38542.01816,,,,,,,,,,39615.22255,,,,,,,,,,32672.15942,,,,,,,,,,23754.91708,,,,,,,,,,12753.84243,,,,,,,,,,2666.29196,,,,,,,,,,-3524.55553,,,,,,,,,,-8356.86531,,,,,,,,,,-12605.78954,,,,,,,,,,-14648.69253
MESSAGEix-GLOBIOM 1.0,CD-LINKS_NPi2020_1600,World,Emissions|CO2,Mt CO2/yr,31667.90819,,,,,35933.0697,,,,,38542.01816,,,,,,,,,,39615.22255,,,,,,,,,,37981.07524,,,,,,,,,,33271.92656,,,,,,,,,,25181.95619,,,,,,,,,,13847.19271,,,,,,,,,,5163.226383,,,,,,,,,,-2068.503671,,,,,,,,,,-7525.726077,,,,,,,,,,-10662.64286
POLES ADVANCE,ADVANCE_2020_Med2C,World,Emissions|CO2,Mt CO2/yr,,,,,,31803.05425,,,,,34853.41138,,,,,37830.03113,,,,,41831.40438,,,,,41329.22088,,,,,36418.18925,,,,,31920.6055,,,,,28211.01725,,,,,23431.6485,,,,,17779.7585,,,,,13959.1505,,,,,9578.1215,,,,,7532.33075,,,,,5984.2345,,,,,4315.95725,,,,,2956.159656,,,,,1100.977,,,,,222.832,,,,,-1064.0435,,,,,-1782.132
POLES ADVANCE,ADVANCE_2020_WB2C,World,Emissions|CO2,Mt CO2/yr,,,,,,31803.05425,,,,,34853.41138,,,,,37830.03113,,,,,41831.40438,,,,,40062.5695,,,,,33007.721,,,,,25954.59675,,,,,20038.33775,,,,,14057.5925,,,,,9166.30225,,,,,5243.88325,,,,,2200.255875,,,,,-139.0945,,,,,-1898.5155,,,,,-4251.8905,,,,,-6128.630875,,,,,-8086.948875,,,,,-9667.31625,,,,,-10518.5385,,,,,-11901.40988
POLES ADVANCE,ADVANCE_2030_Med2C,World,Emissions|CO2,Mt CO2/yr,,,,,,31803.05425,,,,,34853.41138,,,,,37830.03113,,,,,41831.40438,,,,,42762.76825,,,,,39602.0545,,,,,33953.02475,,,,,27053.8125,,,,,20528.629,,,,,15204.22625,,,,,10955.8105,,,,,8368.8145,,,,,6780.0935,,,,,5419.23075,,,,,4366.053375,,,,,2980.921469,,,,,2440.566125,,,,,1344.06475,,,,,300.45375,,,,,-734.8685
POLES ADVANCE,ADVANCE_2030_WB2C,World,Emissions|CO2,Mt CO2/yr,,,,,,31803.05425,,,,,34853.41138,,,,,37830.03113,,,,,41831.40438,,,,,42762.76825,,,,,39602.0545,,,,,30029.71625,,,,,19615.1285,,,,,13406.38675,,,,,8575.962,,,,,4290.9395,,,,,812.37275,,,,,-1496.66275,,,,,-3336.93375,,,,,-5616.55025,,,,,-7619.7595,,,,,-9279.116875,,,,,-11046.69025,,,,,-11964.91513,,,,,-13354.23463
POLES CD-LINKS,CD-LINKS_NPi2020_1000,World,Emissions|CO2,Mt CO2/yr,,,,,,30273.93359,,,,,33410.28906,,,,,35824.42578,,,,,38551.99609,,,,,37851.10547,,,,,32734.76367,,,,,27097.72852,,,,,21075.55469,,,,,15753.83594,,,,,11418.37012,,,,,,,,,,3820.002197,,,,,,,,,,-1607.404053,,,,,,,,,,-6542.607422,,,,,,,,,,-9843.076172,,,,,,,,,,-12973.55859
POLES CD-LINKS,CD-LINKS_NPi2020_1600,World,Emissions|CO2,Mt CO2/yr,,,,,,30273.93359,,,,,33410.28906,,,,,35824.42578,,,,,38551.99609,,,,,38592.17578,,,,,35566.13281,,,,,33238.22656,,,,,30633.02344,,,,,26448.67773,,,,,21434.00586,,,,,,,,,,12403.19824,,,,,,,,,,6310.85791,,,,,,,,,,1346.434448,,,,,,,,,,-3475.012695,,,,,,,,,,-5588.541992
POLES EMF33,EMF33_Med2C_cost100,World,Emissions|CO2,Mt CO2/yr,26158.98438,,,,,30911.81445,,,,,34045.15625,,,,,,,,,,38510.70703,,,,,,,,,,28720.00195,,,,,,,,,,24115.7168,,,,,,,,,,17048.29102,,,,,,,,,,9250.896484,,,,,,,,,,4967.727051,,,,,,,,,,2913.30957,,,,,,,,,,1519.787109,,,,,,,,,,-570.5465698
POLES EMF33,EMF33_Med2C_full,World,Emissions|CO2,Mt CO2/yr,26158.98438,,,,,30911.81445,,,,,34045.15625,,,,,,,,,,38512.96094,,,,,,,,,,29041.64453,,,,,,,,,,23619.47266,,,,,,,,,,17033.11914,,,,,,,,,,9379.716797,,,,,,,,,,5379.774414,,,,,,,,,,3216.523682,,,,,,,,,,1978.074463,,,,,,,,,,-232.1989746
POLES EMF33,EMF33_Med2C_limbio,World,Emissions|CO2,Mt CO2/yr,26158.98438,,,,,30911.81445,,,,,34045.15625,,,,,,,,,,38513.19141,,,,,,,,,,25463.41406,,,,,,,,,,21055.58984,,,,,,,,,,16435.42773,,,,,,,,,,11608.75391,,,,,,,,,,8076.878418,,,,,,,,,,6554.636719,,,,,,,,,,4153.321289,,,,,,,,,,2031.257568
POLES EMF33,EMF33_Med2C_nobeccs,World,Emissions|CO2,Mt CO2/yr,26158.98438,,,,,30911.81445,,,,,34045.15625,,,,,,,,,,38513.08594,,,,,,,,,,24640.37109,,,,,,,,,,17124.23633,,,,,,,,,,12041.85449,,,,,,,,,,10063.05566,,,,,,,,,,8879.337891,,,,,,,,,,8184.674316,,,,,,,,,,6634.616211,,,,,,,,,,5020.749512
POLES EMF33,EMF33_Med2C_nofuel,World,Emissions|CO2,Mt CO2/yr,26158.98438,,,,,30911.81445,,,,,34045.15625,,,,,,,,,,38497.04688,,,,,,,,,,29040.68164,,,,,,,,,,23565.86133,,,,,,,,,,17057.29297,,,,,,,,,,9104.194336,,,,,,,,,,4958.542969,,,,,,,,,,2675.910889,,,,,,,,,,1236.242676,,,,,,,,,,-968.3510132
POLES EMF33,EMF33_Med2C_none,World,Emissions|CO2,Mt CO2/yr,26158.98438,,,,,30911.81445,,,,,34045.15625,,,,,,,,,,38496.94141,,,,,,,,,,24212.84766,,,,,,,,,,16530.65039,,,,,,,,,,11554.60645,,,,,,,,,,9363.019531,,,,,,,,,,8223.288086,,,,,,,,,,7899.40918,,,,,,,,,,6651.351563,,,,,,,,,,5124.852539
POLES EMF33,EMF33_WB2C_cost100,World,Emissions|CO2,Mt CO2/yr,26158.98438,,,,,30911.81445,,,,,34045.15625,,,,,,,,,,38510.71094,,,,,,,,,,22789.46484,,,,,,,,,,15612.45996,,,,,,,,,,8516.452148,,,,,,,,,,1735.38501,,,,,,,,,,-2380.533691,,,,,,,,,,-4734.682617,,,,,,,,,,-6094.378418,,,,,,,,,,-7806.622559
POLES EMF33,EMF33_WB2C_full,World,Emissions|CO2,Mt CO2/yr,26158.98438,,,,,30911.81445,,,,,34045.15625,,,,,,,,,,38513.08594,,,,,,,,,,23245.15039,,,,,,,,,,16038.77637,,,,,,,,,,8652.858398,,,,,,,,,,1838.08728,,,,,,,,,,-2308.441406,,,,,,,,,,-4869.132324,,,,,,,,,,-6160.593262,,,,,,,,,,-7997.750488
POLES EMF33,EMF33_WB2C_limbio,World,Emissions|CO2,Mt CO2/yr,26158.98438,,,,,30911.81445,,,,,34045.15625,,,,,,,,,,38513.08594,,,,,,,,,,19893.10547,,,,,,,,,,11683.66016,,,,,,,,,,7585.143066,,,,,,,,,,2542.419678,,,,,,,,,,67.22932434,,,,,,,,,,-1757.863281,,,,,,,,,,-3339.276123,,,,,,,,,,-4168.5
POLES EMF33,EMF33_WB2C_nobeccs,World,Emissions|CO2,Mt CO2/yr,26158.98438,,,,,30911.81445,,,,,34045.15625,,,,,,,,,,38513.08594,,,,,,,,,,15534.24121,,,,,,,,,,7067.610352,,,,,,,,,,4585.133789,,,,,,,,,,3249.460449,,,,,,,,,,2361.934082,,,,,,,,,,1852.30188,,,,,,,,,,998.5106812,,,,,,,,,,-66.19340515
POLES EMF33,EMF33_WB2C_nofuel,World,Emissions|CO2,Mt CO2/yr,26158.98438,,,,,30911.81445,,,,,34045.15625,,,,,,,,,,38496.94141,,,,,,,,,,22508.15039,,,,,,,,,,15029.08887,,,,,,,,,,8208.232422,,,,,,,,,,1630.436523,,,,,,,,,,-2238.617432,,,,,,,,,,-4620.616211,,,,,,,,,,-6060.654785,,,,,,,,,,-7735.571289
POLES EMF33,EMF33_WB2C_none,World,Emissions|CO2,Mt CO2/yr,26158.98438,,,,,30911.81445,,,,,34045.15625,,,,,,,,,,38496.94141,,,,,,,,,,15526.72559,,,,,,,,,,6368.47998,,,,,,,,,,4259.015625,,,,,,,,,,3078.027588,,,,,,,,,,2532.229736,,,,,,,,,,2020.303101,,,,,,,,,,1213.258789,,,,,,,,,,428.1227722
REMIND 1.5,EMC_Def_100$,World,Emissions|CO2,Mt CO2/yr,,,,,,33845.74219,,,,,37423.04297,,,,,,,,,,35426.13672,,,,,,,,,,22357.03906,,,,,,,,,,6096.399902,,,,,,,,,,-4592.647949,,,,,,,,,,-9381.117188,,,,,,,,,,-12080.39746,,,,,,,,,,-13677.2334,,,,,,,,,,-14462.82715,,,,,,,,,,-14800.8291
REMIND 1.5,EMC_Def_30$,World,Emissions|CO2,Mt CO2/yr,,,,,,33845.74219,,,,,37423.04297,,,,,,,,,,38340.3125,,,,,,,,,,33345.06641,,,,,,,,,,26438.375,,,,,,,,,,19068.39844,,,,,,,,,,9195.972656,,,,,,,,,,570.5620117,,,,,,,,,,-4489.891113,,,,,,,,,,-8084.362793,,,,,,,,,,-10486.06152
REMIND 1.5,EMC_LimSW_100$,World,Emissions|CO2,Mt CO2/yr,,,,,,33845.74219,,,,,37423.04297,,,,,,,,,,35563.01172,,,,,,,,,,22986.89063,,,,,,,,,,7652.563965,,,,,,,,,,-1362.323975,,,,,,,,,,-5218.419922,,,,,,,,,,-8503.119141,,,,,,,,,,-10357.20801,,,,,,,,,,-11745.19434,,,,,,,,,,-12926.63281
REMIND 1.5,EMC_LimSW_30$,World,Emissions|CO2,Mt CO2/yr,,,,,,33845.74219,,,,,37423.04297,,,,,,,,,,38606.23828,,,,,,,,,,33856.80859,,,,,,,,,,27675.74609,,,,,,,,,,21537.65039,,,,,,,,,,13615.78223,,,,,,,,,,7020.163086,,,,,,,,,,3853.875,,,,,,,,,,811.7609863,,,,,,,,,,-1957.998047
REMIND 1.5,EMC_NucPO_100$,World,Emissions|CO2,Mt CO2/yr,,,,,,33845.74219,,,,,37423.04297,,,,,,,,,,35468.60156,,,,,,,,,,22347.99023,,,,,,,,,,5982.491211,,,,,,,,,,-4667.638184,,,,,,,,,,-9171.200195,,,,,,,,,,-11860.57617,,,,,,,,,,-13521.24512,,,,,,,,,,-14393.98242,,,,,,,,,,-14796.9541
REMIND 1.5,EMC_NucPO_30$,World,Emissions|CO2,Mt CO2/yr,,,,,,33845.74219,,,,,37423.04297,,,,,,,,,,38397.09375,,,,,,,,,,33760.64453,,,,,,,,,,27347.98633,,,,,,,,,,20490.25391,,,,,,,,,,10606.7207,,,,,,,,,,1120.894043,,,,,,,,,,-4379.629883,,,,,,,,,,-7948.22998,,,,,,,,,,-10390.06055
REMIND 1.5,EMC_lowEI_100$,World,Emissions|CO2,Mt CO2/yr,,,,,,33845.74219,,,,,37423.04297,,,,,,,,,,34451.27344,,,,,,,,,,20404.9707,,,,,,,,,,4127.875977,,,,,,,,,,-6638.521973,,,,,,,,,,-11060.98047,,,,,,,,,,-13444.91895,,,,,,,,,,-14841.10547,,,,,,,,,,-14973.99805,,,,,,,,,,-15005.4082
REMIND 1.5,EMC_lowEI_30$,World,Emissions|CO2,Mt CO2/yr,,,,,,33845.74219,,,,,37423.04297,,,,,,,,,,37059.80469,,,,,,,,,,30329.16797,,,,,,,,,,22282.18945,,,,,,,,,,15295.98828,,,,,,,,,,5000.130859,,,,,,,,,,-4106.570801,,,,,,,,,,-9142.601563,,,,,,,,,,-12037.63965,,,,,,,,,,-13879.58105
REMIND 1.7,ADVANCE_2020_Med2C,World,Emissions|CO2,Mt CO2/yr,,,,,,36193.6379,,,,,38842.928,,,,,42927.3712,,,,,45171.8828,,,,,40022.8668,,,,,34609.5359,,,,,30777.0097,,,,,26153.3281,,,,,21862.9579,,,,,18075.6425,,,,,14535.1028,,,,,10947.9701,,,,,,,,,,5561.4727,,,,,,,,,,2435.4495,,,,,,,,,,141.1195,,,,,,,,,,-2032.2274
REMIND 1.7,ADVANCE_2020_WB2C,World,Emissions|CO2,Mt CO2/yr,,,,,,36193.6379,,,,,38842.928,,,,,42927.3712,,,,,45171.8828,,,,,37888.4331,,,,,29161.4478,,,,,23173.5079,,,,,17376.3016,,,,,12961.4057,,,,,9153.793,,,,,5235.3642,,,,,1407.0146,,,,,,,,,,-3334.147,,,,,,,,,,-5370.1519,,,,,,,,,,-6524.9473,,,,,,,,,,-7839.8863
REMIND 1.7,ADVANCE_2030_Med2C,World,Emissions|CO2,Mt CO2/yr,,,,,,36193.6379,,,,,38842.928,,,,,42927.3712,,,,,45171.8828,,,,,43281.0669,,,,,40939.5626,,,,,35834.6306,,,,,29473.0001,,,,,22919.9331,,,,,18184.6945,,,,,13968.8533,,,,,9693.3175,,,,,,,,,,3517.5568,,,,,,,,,,21.231,,,,,,,,,,-2454.9298,,,,,,,,,,-4463.8067
REMIND 1.7,ADVANCE_2030_WB2C,World,Emissions|CO2,Mt CO2/yr,,,,,,36193.6379,,,,,38842.928,,,,,42927.3712,,,,,45171.8828,,,,,43281.0669,,,,,40939.5626,,,,,32090.0653,,,,,22326.4968,,,,,13760.496,,,,,7554.1957,,,,,2606.6702,,,,,-1763.3663,,,,,,,,,,-6902.833,,,,,,,,,,-9099.9905,,,,,,,,,,-10003.9283,,,,,,,,,,-10472.8374
REMIND 1.7,CEMICS-2.0-CDR12,World,Emissions|CO2,Mt CO2/yr,,,,,,36193.6379,,,,,40127.0952,,,,,45416.1794,,,,,45912.1453,,,,,38065.66,,,,,28847.7,,,,,23070.45,,,,,18071.16,,,,,13763.44,,,,,9743.143,,,,,5533.752,,,,,1638.738,,,,,,,,,,-3482.582,,,,,,,,,,-5812.123,,,,,,,,,,-8506.86,,,,,,,,,,-10357.52
REMIND 1.7,CEMICS-2.0-CDR20,World,Emissions|CO2,Mt CO2/yr,,,,,,36193.6379,,,,,40127.0952,,,,,45416.1794,,,,,45912.1453,,,,,39036.39,,,,,31093.76,,,,,26658.23,,,,,22085.67,,,,,18483.32,,,,,14978.04,,,,,10873.97,,,,,5795.052,,,,,,,,,,-4735.104,,,,,,,,,,-11450.41,,,,,,,,,,-14145.28,,,,,,,,,,-16974.09
REMIND 1.7,CEMICS-2.0-CDR8,World,Emissions|CO2,Mt CO2/yr,,,,,,36193.6379,,,,,40127.0952,,,,,45416.1794,,,,,45912.1453,,,,,37196.52,,,,,26642.66,,,,,18770.45,,,,,13448.18,,,,,9154.858,,,,,6221.828,,,,,4256.167,,,,,2551.693,,,,,,,,,,-463.5589,,,,,,,,,,-3086.297,,,,,,,,,,-5997.72,,,,,,,,,,-7094.528
REMIND-MAgPIE 1.5,SSP1-26,World,Emissions|CO2,Mt CO2/yr,,,,,,35779.8119,,,,,35914.1621,,,,,,,,,,35061.6098,,,,,,,,,,32056.1641,,,,,,,,,,28050.37,,,,,,,,,,21375.4155,,,,,,,,,,12105.5842,,,,,,,,,,3079.0481,,,,,,,,,,-2793.7697,,,,,,,,,,-6705.6059,,,,,,,,,,-8588.012
REMIND-MAgPIE 1.5,SSP1-34,World,Emissions|CO2,Mt CO2/yr,,,,,,35779.8119,,,,,35914.1621,,,,,,,,,,34948.2264,,,,,,,,,,37157.7288,,,,,,,,,,37437.9734,,,,,,,,,,34181.2231,,,,,,,,,,28078.2871,,,,,,,,,,19203.0476,,,,,,,,,,9869.8745,,,,,,,,,,2476.9035,,,,,,,,,,-2827.2347
REMIND-MAgPIE 1.5,SSP2-26,World,Emissions|CO2,Mt CO2/yr,,,,,,35075.4883,,,,,35595.9453,,,,,,,,,,43285.5779,,,,,,,,,,35991.7025,,,,,,,,,,27648.3423,,,,,,,,,,19351.5076,,,,,,,,,,7549.3641,,,,,,,,,,-1444.4899,,,,,,,,,,-6848.9714,,,,,,,,,,-10494.9234,,,,,,,,,,-12071.6879
REMIND-MAgPIE 1.5,SSP2-34,World,Emissions|CO2,Mt CO2/yr,,,,,,35075.4883,,,,,35595.9453,,,,,,,,,,43269.0978,,,,,,,,,,40887.7703,,,,,,,,,,34330.4211,,,,,,,,,,29421.4529,,,,,,,,,,24096.9042,,,,,,,,,,17296.7987,,,,,,,,,,9211.8035,,,,,,,,,,355.3602,,,,,,,,,,-5228.2264
REMIND-MAgPIE 1.5,SSP5-26,World,Emissions|CO2,Mt CO2/yr,,,,,,35229.9425,,,,,36335.005,,,,,,,,,,39561.2523,,,,,,,,,,43164.6483,,,,,,,,,,38019.9767,,,,,,,,,,24985.2738,,,,,,,,,,7483.2768,,,,,,,,,,-3988.3296,,,,,,,,,,-11349.6725,,,,,,,,,,-16493.7559,,,,,,,,,,-18976.5852
REMIND-MAgPIE 1.5,SSP5-34,World,Emissions|CO2,Mt CO2/yr,,,,,,35229.9425,,,,,36335.005,,,,,,,,,,39549.8502,,,,,,,,,,44473.965,,,,,,,,,,43522.2875,,,,,,,,,,37420.9382,,,,,,,,,,28454.1572,,,,,,,,,,15509.4291,,,,,,,,,,2748.193,,,,,,,,,,-8535.2768,,,,,,,,,,-13600.1024
REMIND-MAgPIE 1.7-3.0,CD-LINKS_NPi2020_1000,World,Emissions|CO2,Mt CO2/yr,,,,,,33799.5813,,,,,36445.8913,,,,,40425.1103,,,,,42026.688,,,,,35658.1026,,,,,29728.5776,,,,,23835.4125,,,,,18793.0676,,,,,14516.07,,,,,10289.4231,,,,,6033.3479,,,,,2024.0599,,,,,,,,,,-3011.8106,,,,,,,,,,-5674.8561,,,,,,,,,,-7641.2143,,,,,,,,,,-8996.9473
REMIND-MAgPIE 1.7-3.0,CD-LINKS_NPi2020_1600,World,Emissions|CO2,Mt CO2/yr,,,,,,33799.5813,,,,,36445.8913,,,,,40425.1103,,,,,42021.6469,,,,,38097.8099,,,,,34421.7996,,,,,30639.4661,,,,,26907.3445,,,,,22720.1154,,,,,18635.6956,,,,,14686.3731,,,,,11073.4659,,,,,,,,,,6105.3905,,,,,,,,,,2818.9686,,,,,,,,,,658.526,,,,,,,,,,-1327.8201
REMIND-MAgPIE 1.7-3.0,EMF33_Med2C_cost100,World,Emissions|CO2,Mt CO2/yr,,,,,,33360.8449,,,,,35909.0693,,,,,40402.6482,,,,,43837.6255,,,,,42145.4489,,,,,38673.5175,,,,,34946.3708,,,,,31907.4472,,,,,28438.0066,,,,,25935.9146,,,,,22985.9455,,,,,19296.5134,,,,,,,,,,11412.9373,,,,,,,,,,1787.655,,,,,,,,,,-6555.8106,,,,,,,,,,-11572.4708
REMIND-MAgPIE 1.7-3.0,EMF33_Med2C_full,World,Emissions|CO2,Mt CO2/yr,,,,,,33340.2696,,,,,35922.2607,,,,,40428.4271,,,,,43854.1466,,,,,42856.0934,,,,,40246.6924,,,,,37646.6792,,,,,34356.0681,,,,,30338.6666,,,,,26572.0575,,,,,21701.2582,,,,,16122.1592,,,,,,,,,,8884.7516,,,,,,,,,,1760.3995,,,,,,,,,,-5847.6258,,,,,,,,,,-10589.4301
REMIND-MAgPIE 1.7-3.0,EMF33_Med2C_limbio,World,Emissions|CO2,Mt CO2/yr,,,,,,33348.0632,,,,,35888.0933,,,,,40424.7752,,,,,43855.5744,,,,,40629.6741,,,,,34797.944,,,,,29837.3913,,,,,26006.5429,,,,,23015.1621,,,,,19292.0485,,,,,15272.7352,,,,,11908.8448,,,,,,,,,,8344.0596,,,,,,,,,,5554.6555,,,,,,,,,,2955.1644,,,,,,,,,,683.9103
REMIND-MAgPIE 1.7-3.0,EMF33_Med2C_nobeccs,World,Emissions|CO2,Mt CO2/yr,,,,,,33348.0632,,,,,35877.3689,,,,,40410.0852,,,,,43943.9196,,,,,39829.7352,,,,,33373.9585,,,,,28328.5795,,,,,24964.389,,,,,23066.6568,,,,,21263.6998,,,,,18730.0852,,,,,15439.9238,,,,,,,,,,10726.1351,,,,,,,,,,6810.7096,,,,,,,,,,2920.7932,,,,,,,,,,1249.0967
REMIND-MAgPIE 1.7-3.0,EMF33_Med2C_nofuel,World,Emissions|CO2,Mt CO2/yr,,,,,,33340.2696,,,,,35922.0588,,,,,40406.805,,,,,43817.5842,,,,,42270.2237,,,,,38975.9862,,,,,35238.418,,,,,31714.2175,,,,,27615.9415,,,,,24250.3316,,,,,20284.5922,,,,,15204.8459,,,,,,,,,,8094.9614,,,,,,,,,,2546.8239,,,,,,,,,,-2824.9022,,,,,,,,,,-6565.4525
REMIND-MAgPIE 1.7-3.0,EMF33_Med2C_none,World,Emissions|CO2,Mt CO2/yr,,,,,,33348.0632,,,,,35889.3339,,,,,40424.6367,,,,,44180.6392,,,,,38990.307,,,,,31826.9446,,,,,25635.8412,,,,,22535.668,,,,,20265.1966,,,,,18169.4993,,,,,15778.1615,,,,,13168.5854,,,,,,,,,,10121.1363,,,,,,,,,,7722.739,,,,,,,,,,5768.2835,,,,,,,,,,4466.1854
REMIND-MAgPIE 1.7-3.0,EMF33_WB2C_cost100,World,Emissions|CO2,Mt CO2/yr,,,,,,33339.1007,,,,,35861.2741,,,,,40430.3679,,,,,44150.0246,,,,,40278.3577,,,,,33351.1841,,,,,27735.5846,,,,,24193.0839,,,,,22117.1932,,,,,19348.8047,,,,,14909.256,,,,,9185.2962,,,,,,,,,,-689.7105,,,,,,,,,,-7703.0868,,,,,,,,,,-12504.0975,,,,,,,,,,-14933.0424
REMIND-MAgPIE 1.7-3.0,EMF33_WB2C_full,World,Emissions|CO2,Mt CO2/yr,,,,,,33365.2279,,,,,35889.4,,,,,40382.9547,,,,,44072.0181,,,,,40953.3486,,,,,34818.276,,,,,29770.8544,,,,,25919.8869,,,,,22655.1624,,,,,17701.0328,,,,,11500.5068,,,,,6314.6,,,,,,,,,,-781.0694,,,,,,,,,,-6980.8563,,,,,,,,,,-11821.2635,,,,,,,,,,-14600.1196
REMIND-MAgPIE 1.7-3.0,EMF33_WB2C_limbio,World,Emissions|CO2,Mt CO2/yr,,,,,,33339.7479,,,,,35899.0037,,,,,40431.1987,,,,,44065.6304,,,,,37198.9541,,,,,28595.0742,,,,,20839.8059,,,,,15414.0951,,,,,11113.3635,,,,,7791.3745,,,,,5029.6927,,,,,2605.5295,,,,,,,,,,577.025,,,,,,,,,,-1201.4782,,,,,,,,,,-2548.6473,,,,,,,,,,-3931.9365
REMIND-MAgPIE 1.7-3.0,EMF33_WB2C_nobeccs,World,Emissions|CO2,Mt CO2/yr,,,,,,33360.8449,,,,,35904.9145,,,,,40396.1031,,,,,43946.9442,,,,,35210.1895,,,,,25416.4712,,,,,17973.2621,,,,,14428.8202,,,,,11571.8185,,,,,8767.7383,,,,,5821.1715,,,,,3650.1669,,,,,,,,,,1983.2526,,,,,,,,,,1083.9995,,,,,,,,,,221.317,,,,,,,,,,-416.0098
REMIND-MAgPIE 1.7-3.0,EMF33_WB2C_nofuel,World,Emissions|CO2,Mt CO2/yr,,,,,,33339.7479,,,,,35878.3898,,,,,40416.7163,,,,,44217.6652,,,,,40358.6205,,,,,33424.5503,,,,,27372.2755,,,,,23075.9219,,,,,19542.943,,,,,14608.7052,,,,,8767.7357,,,,,4256.6251,,,,,,,,,,-618.8844,,,,,,,,,,-4934.7705,,,,,,,,,,-8586.9688,,,,,,,,,,-10755.3932
REMIND-MAgPIE 1.7-3.0,EMF33_WB2C_none,World,Emissions|CO2,Mt CO2/yr,,,,,,33348.0632,,,,,35890.2159,,,,,40424.8465,,,,,43970.5225,,,,,33413.4416,,,,,22488.4791,,,,,13932.1094,,,,,9758.5696,,,,,7529.8342,,,,,5931.0342,,,,,4720.1207,,,,,3593.6244,,,,,,,,,,3053.1399,,,,,,,,,,2173.9941,,,,,,,,,,299.6303,,,,,,,,,,-715.9072
REMIND-MAgPIE 1.7-3.0,PEP_2C_full_NDC,World,Emissions|CO2,Mt CO2/yr,,,,,,33796.6401,,,,,37410.5079,,,,,42089.3323,,,,,44855.7889,,,,,44494.3323,,,,,43333.0762,,,,,36030.0221,,,,,26276.8357,,,,,16435.5248,,,,,8640.8792,,,,,2236.2764,,,,,-2765.4729,,,,,,,,,,-8445.6329,,,,,,,,,,-10995.3685,,,,,,,,,,-12326.4687,,,,,,,,,,-12895.2594
REMIND-MAgPIE 1.7-3.0,PEP_2C_full_eff,World,Emissions|CO2,Mt CO2/yr,,,,,,33796.6401,,,,,37217.68,,,,,41664.2625,,,,,42654.0482,,,,,36669.0096,,,,,30154.8042,,,,,24212.4002,,,,,18919.6942,,,,,14391.4038,,,,,9582.0082,,,,,5488.775,,,,,1781.4982,,,,,,,,,,-3322.7277,,,,,,,,,,-5978.7989,,,,,,,,,,-7726.0372,,,,,,,,,,-8968.0845
REMIND-MAgPIE 1.7-3.0,PEP_2C_full_goodpractice,World,Emissions|CO2,Mt CO2/yr,,,,,,33794.2839,,,,,37077.8112,,,,,41165.644,,,,,43038.6211,,,,,41044.8024,,,,,37891.785,,,,,31331.8396,,,,,23378.4302,,,,,15740.7792,,,,,9495.0351,,,,,4027.3864,,,,,-625.5925,,,,,,,,,,-6237.849,,,,,,,,,,-8989.9832,,,,,,,,,,-10728.365,,,,,,,,,,-11574.3464
REMIND-MAgPIE 1.7-3.0,PEP_2C_full_netzero,World,Emissions|CO2,Mt CO2/yr,,,,,,33794.2839,,,,,37077.8112,,,,,41171.3034,,,,,42766.3727,,,,,39203.9115,,,,,34226.3023,,,,,27545.1352,,,,,20965.5528,,,,,15016.2876,,,,,9334.528,,,,,4449.3777,,,,,319.6331,,,,,,,,,,-4843.0521,,,,,,,,,,-7321.2347,,,,,,,,,,-8894.7271,,,,,,,,,,-9754.3163
REMIND-MAgPIE 1.7-3.0,PEP_2C_red_NDC,World,Emissions|CO2,Mt CO2/yr,,,,,,33800.938,,,,,37390.1682,,,,,42084.4848,,,,,44811.2136,,,,,44405.919,,,,,42895.6185,,,,,31510.3905,,,,,18023.2769,,,,,6228.5277,,,,,-646.6492,,,,,-3838.7996,,,,,-4971.2839,,,,,,,,,,-5589.8615,,,,,,,,,,-5231.5842,,,,,,,,,,-4402.0595,,,,,,,,,,-4648.9805
REMIND-MAgPIE 1.7-3.0,PEP_2C_red_eff,World,Emissions|CO2,Mt CO2/yr,,,,,,33800.938,,,,,37396.0454,,,,,42149.9955,,,,,43045.163,,,,,34785.5885,,,,,26197.0585,,,,,17923.0571,,,,,11738.8073,,,,,7014.9949,,,,,3783.7158,,,,,1447.3277,,,,,112.6987,,,,,,,,,,-1268.373,,,,,,,,,,-892.5256,,,,,,,,,,-372.2996,,,,,,,,,,-448.3551
REMIND-MAgPIE 1.7-3.0,PEP_2C_red_goodpractice,World,Emissions|CO2,Mt CO2/yr,,,,,,33782.0086,,,,,37049.0378,,,,,41085.1713,,,,,43016.6016,,,,,41089.2307,,,,,37361.1845,,,,,27366.1437,,,,,16492.032,,,,,6921.9414,,,,,889.2368,,,,,-2189.3481,,,,,-3436.4934,,,,,,,,,,-4062.8063,,,,,,,,,,-3789.5291,,,,,,,,,,-3221.0699,,,,,,,,,,-3399.9505
REMIND-MAgPIE 1.7-3.0,PEP_2C_red_netzero,World,Emissions|CO2,Mt CO2/yr,,,,,,33782.0086,,,,,37049.0378,,,,,41114.053,,,,,42682.9015,,,,,39081.5583,,,,,33732.1894,,,,,24383.3642,,,,,15404.7348,,,,,7779.0459,,,,,1983.9421,,,,,-1272.6184,,,,,-2611.189,,,,,,,,,,-3310.219,,,,,,,,,,-2955.4357,,,,,,,,,,-2480.7311,,,,,,,,,,-2598.6946
REMIND-MAgPIE 1.7-3.0,SMP_2C_Def,World,Emissions|CO2,Mt CO2/yr,,,,,,33780.2776,,,,,38737.6187,,,,,43423.3742,,,,,40145.9954,,,,,34536.3071,,,,,29506.1626,,,,,24726.7167,,,,,20023.5138,,,,,15424.7222,,,,,10689.4107,,,,,6634.5042,,,,,2522.1276,,,,,,,,,,-3355.7753,,,,,,,,,,-6448.6103,,,,,,,,,,-8669.2713,,,,,,,,,,-10075.8208
REMIND-MAgPIE 1.7-3.0,SMP_2C_Sust,World,Emissions|CO2,Mt CO2/yr,,,,,,33780.2776,,,,,38683.6868,,,,,43943.0357,,,,,36259.1658,,,,,27192.7155,,,,,22915.6008,,,,,18546.5126,,,,,13280.0557,,,,,8604.8218,,,,,5978.8279,,,,,4135.3396,,,,,2764.1242,,,,,,,,,,938.98,,,,,,,,,,219.1103,,,,,,,,,,-1307.5507,,,,,,,,,,-2092.6667
REMIND-MAgPIE 1.7-3.0,SMP_2C_early,World,Emissions|CO2,Mt CO2/yr,,,,,,33780.2776,,,,,38675.7194,,,,,43355.8609,,,,,34270.9632,,,,,25383.2414,,,,,21986.9909,,,,,18419.3641,,,,,14993.3907,,,,,11407.1149,,,,,8435.3642,,,,,5653.3883,,,,,3253.6656,,,,,,,,,,488.2045,,,,,,,,,,-612.8653,,,,,,,,,,-1853.0901,,,,,,,,,,-3520.1539
REMIND-MAgPIE 1.7-3.0,SMP_2C_lifesty,World,Emissions|CO2,Mt CO2/yr,,,,,,33780.2776,,,,,38655.6099,,,,,43224.7189,,,,,39878.5567,,,,,33910.5771,,,,,29519.7891,,,,,24561.7031,,,,,19392.255,,,,,13590.2263,,,,,9046.6967,,,,,5577.2645,,,,,2719.859,,,,,,,,,,-2235.3599,,,,,,,,,,-5482.0337,,,,,,,,,,-8024.851,,,,,,,,,,-9562.0102
REMIND-MAgPIE 1.7-3.0,SMP_2C_regul,World,Emissions|CO2,Mt CO2/yr,,,,,,33780.2776,,,,,38689.4814,,,,,44184.5511,,,,,40510.5923,,,,,33250.8571,,,,,27505.3883,,,,,21789.856,,,,,16315.8936,,,,,11477.3211,,,,,7171.3953,,,,,3593.6053,,,,,974.3986,,,,,,,,,,-2275.5954,,,,,,,,,,-3633.2658,,,,,,,,,,-4306.9124,,,,,,,,,,-4547.726
WITCH-GLOBIOM 3.1,SSP1-26,World,Emissions|CO2,Mt CO2/yr,,,,,,31922.04435,,,,,35303.38776,,,,,,,,,,39615.92789,,,,,,,,,,17308.43271,,,,,,,,,,15093.57468,,,,,,,,,,12787.14788,,,,,,,,,,10491.80726,,,,,,,,,,7218.824357,,,,,,,,,,4339.890809,,,,,,,,,,364.2462297,,,,,,,,,,-4938.983947
WITCH-GLOBIOM 3.1,SSP1-34,World,Emissions|CO2,Mt CO2/yr,,,,,,31922.04435,,,,,35303.38776,,,,,,,,,,39965.21988,,,,,,,,,,33252.59372,,,,,,,,,,28409.06597,,,,,,,,,,24386.48637,,,,,,,,,,21079.33654,,,,,,,,,,16496.06557,,,,,,,,,,12097.87832,,,,,,,,,,6600.828694,,,,,,,,,,-242.3466559
WITCH-GLOBIOM 3.1,SSP2-26,World,Emissions|CO2,Mt CO2/yr,,,,,,31922.04435,,,,,35303.38776,,,,,,,,,,37422.90714,,,,,,,,,,17129.95932,,,,,,,,,,15222.4325,,,,,,,,,,13331.19503,,,,,,,,,,10110.69232,,,,,,,,,,6952.436471,,,,,,,,,,3177.306183,,,,,,,,,,613.2576098,,,,,,,,,,-3728.640749
WITCH-GLOBIOM 3.1,SSP2-34,World,Emissions|CO2,Mt CO2/yr,,,,,,31922.04435,,,,,35303.38776,,,,,,,,,,39759.27733,,,,,,,,,,29682.98784,,,,,,,,,,25912.20976,,,,,,,,,,22804.46285,,,,,,,,,,19728.36776,,,,,,,,,,16640.92686,,,,,,,,,,13399.09527,,,,,,,,,,7707.976174,,,,,,,,,,2461.178286
WITCH-GLOBIOM 3.1,SSP3-34,World,Emissions|CO2,Mt CO2/yr,,,,,,31922.04435,,,,,35303.38776,,,,,,,,,,39428.28701,,,,,,,,,,26323.36786,,,,,,,,,,22975.69136,,,,,,,,,,20455.36077,,,,,,,,,,16407.94883,,,,,,,,,,13589.62075,,,,,,,,,,10991.95995,,,,,,,,,,5917.607619,,,,,,,,,,1737.625253
WITCH-GLOBIOM 3.1,SSP4-26,World,Emissions|CO2,Mt CO2/yr,,,,,,31922.04435,,,,,35303.38776,,,,,,,,,,41990.29387,,,,,,,,,,22159.33137,,,,,,,,,,17738.63669,,,,,,,,,,13864.2879,,,,,,,,,,9295.802521,,,,,,,,,,6659.219541,,,,,,,,,,3844.421984,,,,,,,,,,-465.0003496,,,,,,,,,,-4780.938301
WITCH-GLOBIOM 3.1,SSP4-34,World,Emissions|CO2,Mt CO2/yr,,,,,,31922.04435,,,,,35303.38776,,,,,,,,,,41991.15671,,,,,,,,,,36861.26796,,,,,,,,,,30603.23688,,,,,,,,,,24353.92041,,,,,,,,,,20493.6719,,,,,,,,,,16218.57204,,,,,,,,,,11872.66824,,,,,,,,,,5598.015613,,,,,,,,,,394.9288195
WITCH-GLOBIOM 3.1,SSP5-34,World,Emissions|CO2,Mt CO2/yr,,,,,,31922.04435,,,,,35303.38776,,,,,,,,,,37813.9334,,,,,,,,,,18924.21652,,,,,,,,,,19575.67179,,,,,,,,,,18596.18468,,,,,,,,,,18180.64398,,,,,,,,,,17830.55107,,,,,,,,,,17627.29704,,,,,,,,,,15580.00393,,,,,,,,,,5355.704367
WITCH-GLOBIOM 4.2,ADVANCE_2020_Med2C,World,Emissions|CO2,Mt CO2/yr,,,,,,31743.82847,,,,,34057.08892,,,,,35659.7685,,,,,37303.32932,,,,,29651.8978,,,,,27207.2735,,,,,24967.3915,,,,,23354.06016,,,,,22241.70449,,,,,20797.71225,,,,,18867.49688,,,,,16839.50136,,,,,14732.81366,,,,,12230.3422,,,,,9566.77409,,,,,7557.377317,,,,,5411.371216,,,,,2409.629028,,,,,-345.5240506,,,,,-3383.409544
WITCH-GLOBIOM 4.2,ADVANCE_2020_WB2C,World,Emissions|CO2,Mt CO2/yr,,,,,,31743.82847,,,,,34057.08892,,,,,35659.7685,,,,,37303.32932,,,,,24351.48475,,,,,20723.29646,,,,,18968.81365,,,,,17160.57077,,,,,15341.21871,,,,,13336.19329,,,,,11156.2599,,,,,9182.971367,,,,,7066.237359,,,,,4381.533061,,,,,1407.962802,,,,,-1554.515333,,,,,-4382.726338,,,,,-7295.687798,,,,,-9500.179532,,,,,-11534.59439
WITCH-GLOBIOM 4.2,ADVANCE_2030_Med2C,World,Emissions|CO2,Mt CO2/yr,,,,,,31743.82847,,,,,34057.08892,,,,,35659.7685,,,,,37303.32932,,,,,36660.59996,,,,,36310.01651,,,,,26165.15433,,,,,22510.60803,,,,,20998.62003,,,,,18797.0031,,,,,16734.66858,,,,,14786.59026,,,,,12671.16907,,,,,10405.54333,,,,,7880.695324,,,,,6038.328652,,,,,3958.712403,,,,,1870.657583,,,,,-394.4104242,,,,,-3154.860468
WITCH-GLOBIOM 4.2,ADVANCE_2030_WB2C,World,Emissions|CO2,Mt CO2/yr,,,,,,31743.82847,,,,,34057.08892,,,,,35659.7685,,,,,37303.32932,,,,,36660.59996,,,,,36310.01651,,,,,22516.49228,,,,,16497.07898,,,,,12519.02419,,,,,10111.25986,,,,,8018.874574,,,,,6139.040348,,,,,4074.479852,,,,,1676.757746,,,,,-1059.979199,,,,,-3726.862591,,,,,-6619.771093,,,,,-9522.710266,,,,,-11839.22955,,,,,-13899.7807
WITCH-GLOBIOM 4.4,CD-LINKS_NPi2020_1000,World,Emissions|CO2,Mt CO2/yr,,,,,,32849.4366,,,,,35674.1208,,,,,37811.00746,,,,,40656.52654,,,,,28166.95761,,,,,20765.69975,,,,,17849.43292,,,,,15379.19882,,,,,12687.03628,,,,,10330.785,,,,,,,,,,4908.629446,,,,,,,,,,1820.006029,,,,,,,,,,-1909.802031,,,,,,,,,,-5802.118874,,,,,,,,,,-8298.142767
WITCH-GLOBIOM 4.4,CD-LINKS_NPi2020_1600,World,Emissions|CO2,Mt CO2/yr,,,,,,32849.4366,,,,,35674.1208,,,,,37811.00746,,,,,40656.52654,,,,,33710.00762,,,,,29171.76972,,,,,24558.03129,,,,,21745.47999,,,,,19859.50531,,,,,18078.09929,,,,,,,,,,14107.42283,,,,,,,,,,10973.66258,,,,,,,,,,5829.84889,,,,,,,,,,1374.398081,,,,,,,,,,-1964.924847
